stop,stemmer,model,ap,rbp,p10,ndcg,twist,err,ssapw,ssrbpw,ssp10w,ssndcgw,sstwistw,sserrw
nostop,nolug,bb2,0.04908,0.097692,0.092,0.134246,0.078036,0.098618,0.71056504,2.7955497368,2.6768,2.5495124442,1.0814558152,2.3842022338
nostop,nolug,bm25,0.12137,0.317698,0.31,0.31346,0.1949,0.324084,1.120879525,4.6074970498,4.605,6.856382114,1.0849106,3.3625160872
nostop,nolug,dfiz,0.135668,0.341834,0.33,0.376402,0.233606,0.370492,1.2063658688,4.1406290322,4.025,10.489866159,1.0924973682,3.3705731768
nostop,nolug,dfree,0.185404,0.446402,0.418,0.443498,0.282886,0.481502,1.5264196192,4.3331240298,4.4938,15.307015392,1.0008670002,2.8939917898
nostop,nolug,dirichletlm,0.152646,0.373894,0.346,0.40654,0.257536,0.413714,1.3232974442,3.8578191882,3.5642,15.907705746,1.0942142952,3.2317582002
nostop,nolug,dlh,0.175666,0.423168,0.412,0.43994,0.266042,0.436622,1.3016113522,4.1433059488,4.1928,19.418399866,0.9304426418,2.7841155258
nostop,nolug,dph,0.183734,0.450982,0.438,0.446436,0.284102,0.46652,1.3051332322,4.2624423138,4.4578,21.7992635244,0.9020456898,2.73910462
nostop,nolug,hiemstralm,0.151812,0.36775,0.362,0.418112,0.25512,0.367374,1.2002160128,4.072548505,3.7378,22.6407259668,1.13110042,3.0806900162
nostop,nolug,ifb2,0.018222,0.05288,0.05,0.0534,0.030096,0.062438,0.1615845458,1.3356585,1.365,63.37810629,0.2861201592,1.5053132778
nostop,nolug,inb2,0.191946,0.456224,0.418,0.454632,0.2837,0.46533,1.4269242042,4.2072168912,4.4938,35.7183464908,1.10810206,2.685144685
nostop,nolug,inl2,0.193188,0.455486,0.432,0.461162,0.291138,0.45433,1.3872173128,4.3584744202,4.0488,38.4773149206,0.9941341778,2.971970465
nostop,nolug,inexpb2,0.194672,0.454378,0.424,0.462754,0.287732,0.459418,1.4098092808,4.1969134658,4.0112,40.8212813168,1.1620557488,2.8006967538
nostop,nolug,jskls,0.186916,0.451756,0.422,0.445226,0.282148,0.485064,1.4853874272,4.3066094032,4.6858,41.0733652786,0.9747984048,2.8364656352
nostop,nolug,lemurtfidf,0.190856,0.431356,0.406,0.45102,0.271414,0.41821,1.3601339832,4.7327129232,4.4482,43.986354384,1.1974195202,3.445592085
nostop,nolug,lgd,0.18656,0.444924,0.412,0.444424,0.279998,0.47148,1.60807298,4.4573190912,4.7128,45.4896733072,1.1580761698,2.93305348
nostop,nolug,pl2,0.065388,0.13318,0.138,0.198786,0.111532,0.119512,0.8800649528,3.6302763,3.5778,70.95767836,1.1205979088,2.4586430728
nostop,nolug,tfidf,0.187642,0.452628,0.426,0.453416,0.2833,0.45446,1.3222746418,4.4549022408,4.3562,54.3188147412,0.9706355,3.04432414
nostop,krovetz,bb2,0.049672,0.099762,0.1,0.147876,0.083674,0.09204,0.7224237408,3.1020926378,2.9,96.5667768004,1.1023826162,2.14394394
nostop,krovetz,bm25,0.138472,0.350126,0.332,0.351398,0.21717,0.356214,1.2670921608,5.2908247362,5.4288,57.7311809294,1.241298365,3.5465679602
nostop,krovetz,dfiz,0.148134,0.35263,0.336,0.411272,0.251056,0.381004,1.2749378122,4.262498105,4.2152,62.043976304,1.1165655832,3.4344733792
nostop,krovetz,dfree,0.210492,0.493542,0.474,0.489122,0.323176,0.478204,1.6270048568,4.3307210218,4.3362,77.4567650298,1.1279517912,2.5681229792
nostop,krovetz,dirichletlm,0.18236,0.441222,0.422,0.457518,0.285186,0.431762,1.44194464,4.0216151658,3.8058,73.2674465244,1.1951981002,3.0334470978
nostop,krovetz,dlh,0.20185,0.475438,0.45,0.482404,0.299066,0.47116,1.462677825,4.3799279778,4.645,80.6540712008,1.0043495122,2.46308096
nostop,krovetz,dph,0.212724,0.495278,0.474,0.49367,0.310856,0.478266,1.5343028912,4.3660351658,4.0762,85.637737992,0.9927338832,2.6736276522
nostop,krovetz,hiemstralm,0.187986,0.438624,0.418,0.467128,0.287708,0.433738,1.4995136802,4.5837638712,4.4338,81.9139068724,1.1533896968,3.1092831378
nostop,krovetz,ifb2,0.016632,0.050052,0.046,0.051208,0.029006,0.059368,0.1739236888,1.3369880448,1.2042,216.924111073,0.3215793882,1.4217901888
nostop,krovetz,inb2,0.22719,0.50367,0.468,0.51145,0.317364,0.499882,1.670801745,4.598113025,4.7688,106.957152955,1.2191362352,2.5282834138
nostop,krovetz,inl2,0.225146,0.504232,0.48,0.513818,0.313596,0.480446,1.6020185842,4.6711860888,4.58,110.057437511,1.1005626592,2.6230218042
nostop,krovetz,inexpb2,0.228724,0.504548,0.482,0.516978,0.318876,0.490638,1.6325630312,4.7414564448,4.9138,113.484734273,1.1217791312,2.6719250778
nostop,krovetz,jskls,0.211872,0.4924,0.468,0.488448,0.320578,0.474714,1.6373917208,4.44750468,4.3688,106.375687945,1.0656847858,2.6464318002
nostop,krovetz,lemurtfidf,0.220548,0.490444,0.474,0.50427,0.301534,0.447928,1.5185332848,5.1095272032,4.8762,113.765740567,1.2671590522,3.1904924208
nostop,krovetz,lgd,0.208778,0.478336,0.47,0.490778,0.311288,0.459872,1.6911624458,4.5163221752,4.545,111.849452757,1.2139841128,2.7273813808
nostop,krovetz,pl2,0.069876,0.15754,0.162,0.220004,0.123226,0.145034,0.9004382712,4.1997463,4.3778,152.848270568,1.2045385962,2.8346696122
nostop,krovetz,tfidf,0.220752,0.50808,0.48,0.50353,0.309236,0.493052,1.5474375048,4.6732736,4.72,124.969300702,1.0806409352,2.6484454448
nostop,lovins,bb2,0.030026,0.069736,0.066,0.116114,0.063768,0.064428,0.3039228962,2.0001704352,1.7922,241.946664147,0.7138293288,1.4157158408
nostop,lovins,bm25,0.114746,0.30052,0.288,0.317428,0.199206,0.304334,0.8560167842,5.01636946,4.8328,123.288358681,1.2911907082,3.6805961122
nostop,lovins,dfiz,0.122836,0.31602,0.298,0.36722,0.22275,0.336114,0.9644515352,3.89036982,3.8498,117.252982444,0.906635725,3.3037755602
nostop,lovins,dfree,0.178058,0.45561,0.438,0.449922,0.276968,0.45604,1.1771884218,4.446099425,4.2178,126.031933568,0.8930754688,2.8800916
nostop,lovins,dirichletlm,0.15161,0.377612,0.37,0.414116,0.245626,0.368866,1.165054385,4.2245030528,4.065,122.419824688,0.9851976962,3.3015808722
nostop,lovins,dlh,0.169772,0.439906,0.436,0.44208,0.278448,0.419132,1.0004521008,4.0644944882,3.7152,128.758630462,0.8938818448,2.8155185288
nostop,lovins,dph,0.182342,0.461006,0.444,0.45835,0.285396,0.46665,1.1223577018,4.5791077882,4.1832,134.694335665,0.8351704392,3.053493365
nostop,lovins,hiemstralm,0.160958,0.408516,0.394,0.432244,0.255856,0.412508,0.9803317018,4.3408081872,4.1082,131.114480906,0.9921416832,3.3418411168
nostop,lovins,ifb2,0.011856,0.04308,0.042,0.038194,0.022782,0.05122,0.1183593232,1.11344338,1.0218,392.792286464,0.2393938338,1.1588991
nostop,lovins,inb2,0.198626,0.482986,0.46,0.47293,0.288994,0.489664,1.3529897162,4.6759518602,4.44,153.875268508,1.0680374882,2.7323165152
nostop,lovins,inl2,0.198776,0.484168,0.458,0.47792,0.283936,0.477436,1.2996939912,4.9643291288,4.5418,158.006138032,0.9742266752,2.9494234552
nostop,lovins,inexpb2,0.202402,0.49211,0.46,0.48069,0.29453,0.479656,1.3353610898,4.891385825,4.78,161.366619014,1.086465785,2.9569316632
nostop,lovins,jskls,0.179862,0.461482,0.436,0.450536,0.279082,0.474902,1.1724821578,4.2900434938,4.0752,153.049625464,0.9060552938,2.7287204098
nostop,lovins,lemurtfidf,0.196456,0.474426,0.462,0.466382,0.286932,0.447218,1.2860958232,5.3268321962,4.9378,160.398799251,1.1064187688,3.4052718938
nostop,lovins,lgd,0.17248,0.44517,0.424,0.443714,0.27132,0.442062,1.16300642,4.404136945,3.7312,155.817429118,0.96410858,2.8713059578
nostop,lovins,pl2,0.050452,0.133144,0.128,0.185738,0.102744,0.138786,0.3763910848,3.1679517432,2.9208,259.011029295,0.8740796832,2.7222761802
nostop,lovins,tfidf,0.195996,0.490044,0.476,0.4692,0.287182,0.488716,1.2352323592,4.7953254832,4.5112,172.0225537,1.0477593338,2.8038510672
nostop,porter,bb2,0.046592,0.09646,0.104,0.141826,0.077238,0.082936,0.6219614968,2.90118696,2.9992,318.92723707,1.0129333778,1.8765109352
nostop,porter,bm25,0.124482,0.31455,0.302,0.339256,0.210652,0.322476,1.0777922138,5.115002565,4.9698,171.384244579,1.3605252648,3.7803462112
nostop,porter,dfiz,0.134504,0.329672,0.302,0.393554,0.23974,0.367516,1.1430906992,3.8881534408,3.8898,167.813094117,1.05448046,3.2467193472
nostop,porter,dfree,0.195026,0.469426,0.45,0.474482,0.302642,0.480378,1.5075434962,4.2048105962,4.045,190.817430641,1.0066795618,2.6889071658
nostop,porter,dirichletlm,0.170662,0.425954,0.418,0.446104,0.270156,0.414068,1.3237999778,4.0182218042,3.9538,181.961414384,1.0648738632,3.1877580288
nostop,porter,dlh,0.186372,0.4502,0.442,0.464856,0.292118,0.429114,1.2833319808,4.38494514,4.4218,191.086701948,1.0871787338,2.7110817002
nostop,porter,dph,0.19968,0.483824,0.458,0.481912,0.301936,0.484648,1.37288014,4.4626030512,4.4818,201.276037275,1.0278314352,2.8575457048
nostop,porter,hiemstralm,0.181664,0.42903,0.412,0.462476,0.281538,0.425582,1.3593576552,4.807183005,4.5928,194.574423717,1.2478586778,3.2208782938
nostop,porter,ifb2,0.012872,0.050872,0.05,0.04215,0.026726,0.06382,0.1127002608,1.1582525608,1.045,544.41142538,0.2658299562,1.39477348
nostop,porter,inb2,0.21642,0.495354,0.472,0.501388,0.307594,0.487716,1.56254584,4.6027491642,4.5808,228.679417769,1.2308319682,2.6491918072
nostop,porter,inl2,0.213934,0.492362,0.474,0.503402,0.308212,0.48743,1.5163864322,4.5437468778,4.3962,232.30634072,1.1330038328,2.659014785
nostop,porter,inexpb2,0.218838,0.505406,0.484,0.508594,0.31059,0.493062,1.5138338978,4.6269469282,4.4072,238.273213996,1.156636425,2.6891218378
nostop,porter,jskls,0.196296,0.472066,0.44,0.474502,0.301274,0.480272,1.4843217992,4.2376558722,4.34,219.241467022,1.0124937762,2.7122680408
nostop,porter,lemurtfidf,0.211908,0.486524,0.482,0.496786,0.297104,0.451662,1.4030810168,5.0844790112,4.6738,234.769617066,1.2534224992,3.3480869178
nostop,porter,lgd,0.192576,0.462214,0.444,0.472754,0.290382,0.458744,1.5917687712,4.2953951402,4.2432,223.118514744,0.9758251738,2.8471187432
nostop,porter,pl2,0.06597,0.152314,0.15,0.209618,0.11039,0.14374,0.851559985,4.0705965002,4.005,322.57943473,1.095751525,2.87588102
nostop,porter,tfidf,0.209248,0.495568,0.47,0.4944,0.304946,0.484074,1.4278269248,4.5962592688,4.425,244.51411286,1.0642307042,2.6568512562
nostop,snowballPorter,bb2,0.046586,0.093964,0.102,0.141406,0.077642,0.08246,0.6226624002,2.7679439952,2.8898,433.478157292,1.0221528018,1.8691904
nostop,snowballPorter,bm25,0.125518,0.3167,0.312,0.34102,0.215018,0.32111,1.0811406538,5.02760468,4.9128,228.94166775,1.3586940138,3.678641325
nostop,snowballPorter,dfiz,0.133394,0.32495,0.3,0.391754,0.235724,0.366908,1.1435638882,3.944043185,3.96,222.311826674,1.0821315912,3.3374044568
nostop,snowballPorter,dfree,0.194272,0.467498,0.446,0.473098,0.3008,0.472746,1.5046534808,4.2846226698,4.1442,248.332372813,0.99988762,2.7886130242
nostop,snowballPorter,dirichletlm,0.169666,0.424636,0.416,0.445038,0.26971,0.414064,1.3005880722,3.9954980552,3.9272,237.263290767,1.071347585,3.1786379352
nostop,snowballPorter,dlh,0.186306,0.45195,0.444,0.46496,0.29412,0.42518,1.2811468482,4.360193805,4.4032,248.42011482,1.09257618,2.67098646
nostop,snowballPorter,dph,0.198448,0.48046,0.458,0.4812,0.301028,0.477904,1.3566118848,4.42180086,4.4018,260.05223678,1.0310753208,2.8305154992
nostop,snowballPorter,hiemstralm,0.180846,0.428754,0.408,0.46217,0.281174,0.428934,1.3433367842,4.7574250042,4.4968,251.46616652,1.2411723562,3.2289966522
nostop,snowballPorter,ifb2,0.012734,0.049692,0.048,0.041836,0.026286,0.063018,0.1115529322,1.1454184368,1.0048,712.206782374,0.2632468002,1.3928893338
nostop,snowballPorter,inb2,0.215788,0.491356,0.466,0.500882,0.307126,0.48234,1.5465026528,4.6266310632,4.4322,290.331103774,1.2318482762,2.70112164
nostop,snowballPorter,inl2,0.213326,0.491056,0.474,0.503496,0.30983,0.481126,1.4934351362,4.6018222032,4.3762,294.789307213,1.104408745,2.7306643362
nostop,snowballPorter,inexpb2,0.218332,0.502918,0.476,0.508908,0.31105,0.486642,1.4965598688,4.6475745338,4.3712,301.83917961,1.159292365,2.7111462418
nostop,snowballPorter,jskls,0.19541,0.471758,0.44,0.474002,0.300464,0.474442,1.472285625,4.2634245818,4.22,277.245517559,1.0074937352,2.7716311818
nostop,snowballPorter,lemurtfidf,0.211154,0.484248,0.482,0.496582,0.29723,0.44469,1.3848704242,5.0726142448,4.6738,295.935662337,1.242373585,3.396990265
nostop,snowballPorter,lgd,0.19207,0.462268,0.442,0.471794,0.287526,0.456154,1.587694085,4.3514284888,4.3018,280.642772125,0.9547964962,2.8965128042
nostop,snowballPorter,pl2,0.066212,0.150578,0.148,0.212056,0.110272,0.142496,0.8538168528,4.0685266258,4.0048,405.884507752,1.0925252408,2.8740355592
nostop,snowballPorter,tfidf,0.20829,0.492154,0.474,0.494816,0.302154,0.476946,1.403427265,4.6209750642,4.3162,305.746880167,1.0450253642,2.7569527442
nostop,weakPorter,bb2,0.045724,0.089178,0.09,0.140808,0.078084,0.07918,0.6074427712,2.7153901858,2.645,548.604560253,0.9918148272,1.81051064
nostop,weakPorter,bm25,0.129034,0.314666,0.318,0.335028,0.213864,0.307436,1.1815702322,5.3144958922,5.4138,289.83293907,1.4218364952,3.6219945552
nostop,weakPorter,dfiz,0.14118,0.3506,0.338,0.398052,0.241282,0.37367,1.2076138,4.11251346,4.1178,277.011209764,1.1165091738,3.234348425
nostop,weakPorter,dfree,0.196892,0.471372,0.448,0.467878,0.295138,0.459194,1.5687226968,4.7262707008,4.5848,303.116924319,1.0862493378,3.0217672082
nostop,weakPorter,dirichletlm,0.169128,0.41226,0.392,0.43615,0.26297,0.41741,1.3965633808,4.15622008,3.9368,289.36605877,1.217921785,3.455490825
nostop,weakPorter,dlh,0.187568,0.455132,0.434,0.460378,0.275976,0.450936,1.3507341288,4.4209294888,4.3722,303.056955789,0.9968907312,2.9561155352
nostop,weakPorter,dph,0.200608,0.487248,0.474,0.472678,0.298204,0.483,1.4057731168,4.5227424448,4.1362,313.075036095,0.9757200192,2.80751744
nostop,weakPorter,hiemstralm,0.176816,0.417852,0.406,0.44951,0.272084,0.422546,1.3771430672,4.6162152648,4.6282,301.739840861,1.2597333872,3.2704308442
nostop,weakPorter,ifb2,0.012704,0.045286,0.044,0.044094,0.024776,0.052616,0.1194406192,1.1943151202,1.1632,870.377705374,0.2231079712,1.2254161472
nostop,weakPorter,inb2,0.213124,0.483306,0.464,0.489658,0.302108,0.473766,1.5271747912,4.7228499082,4.8152,341.623759666,1.2430771368,2.8805835522
nostop,weakPorter,inl2,0.211758,0.486188,0.474,0.49108,0.299882,0.463632,1.5032858418,4.8192499528,4.6362,345.056372652,1.0586941938,2.8471216488
nostop,weakPorter,inexpb2,0.215726,0.491312,0.47,0.4975,0.30355,0.478314,1.4762867762,4.6185513328,4.805,353.33832144,1.120067565,2.7152713402
nostop,weakPorter,jskls,0.198012,0.475284,0.456,0.469296,0.293878,0.467002,1.5212274728,4.6503217472,4.5232,331.794005715,1.0825052058,3.0220396898
nostop,weakPorter,lemurtfidf,0.205344,0.461378,0.442,0.478258,0.286292,0.440288,1.4366614632,5.0506541258,4.9218,341.027761372,1.2889912168,3.2165058728
nostop,weakPorter,lgd,0.195062,0.458702,0.432,0.470684,0.295832,0.442436,1.6205013578,4.6531983498,4.4888,337.559339884,1.2917132088,3.1068676552
nostop,weakPorter,pl2,0.06503,0.13976,0.144,0.215848,0.115298,0.127,0.855088425,3.95097308,3.9232,482.396347932,1.0890962498,2.5796252
nostop,weakPorter,tfidf,0.207394,0.491288,0.472,0.48562,0.297172,0.476926,1.4183014682,4.7510589728,4.6008,357.894550886,1.0445293608,2.8273818362
indri,nolug,bb2,0.196046,0.460224,0.432,0.46397,0.290342,0.463812,1.4528724442,4.1802576112,4.2888,343.069943351,1.0726085218,2.8244914928
indri,nolug,bm25,0.188562,0.456456,0.436,0.454628,0.282824,0.449324,1.2795997578,4.2820133232,4.1352,339.213597837,0.9965094312,2.9937780512
indri,nolug,dfiz,0.195476,0.448342,0.44,0.463824,0.285518,0.4557,1.5532974112,4.1690140418,4.12,346.962850686,1.0874047538,2.97609634
indri,nolug,dfree,0.198386,0.462526,0.442,0.460052,0.281594,0.474542,1.6711535202,4.1130646762,4.4818,346.577953216,1.0760927482,2.4785245618
indri,nolug,dirichletlm,0.164484,0.394728,0.36,0.420462,0.25859,0.40889,1.4795989872,4.1185885008,4.1,332.22090864,1.093012505,3.148654325
indri,nolug,dlh,0.199222,0.461298,0.454,0.468342,0.28531,0.452702,1.4944570858,4.3752285498,4.2842,356.78338833,1.142754805,2.8880100498
indri,nolug,dph,0.195972,0.466112,0.452,0.464274,0.288486,0.470172,1.5043530008,4.2233488928,4.3248,355.983316335,0.9350664802,2.7579665008
indri,nolug,hiemstralm,0.158838,0.381496,0.372,0.424542,0.2657,0.37346,1.2543195178,3.9233222392,3.8608,339.772921419,1.20244218,2.87054996
indri,nolug,ifb2,0.194812,0.465984,0.43,0.458114,0.287556,0.47508,1.4363283528,4.1930521872,4.205,356.509656004,1.1343317232,2.8651706
indri,nolug,inb2,0.195462,0.461164,0.44,0.459334,0.28273,0.468574,1.4288967178,4.3102990752,4.32,359.456717624,1.100828185,2.8311597162
indri,nolug,inl2,0.194916,0.459426,0.434,0.46349,0.293028,0.457722,1.3626091272,4.3236987162,4.2922,364.194809949,1.0857502008,2.9415104058
indri,nolug,inexpb2,0.196726,0.458252,0.428,0.465436,0.291496,0.461242,1.4324780962,4.1950291648,4.2008,367.658741485,1.0979910592,2.8907925418
indri,nolug,jskls,0.19972,0.46386,0.45,0.463062,0.288338,0.47583,1.66187608,4.13367382,4.405,368.107745845,1.0562258378,2.608984205
indri,nolug,lemurtfidf,0.19348,0.44353,0.418,0.453572,0.271732,0.424858,1.39110446,4.860033125,4.7938,364.621334318,1.1534810888,3.3752133818
indri,nolug,lgd,0.20337,0.456872,0.436,0.468616,0.286824,0.471668,1.686754065,4.1989998208,4.4752,376.499421406,1.1991872712,2.6941829888
indri,nolug,pl2,0.17921,0.443692,0.416,0.44455,0.272122,0.443608,1.171990045,4.7364637168,4.4472,363.96896837,0.9654639258,3.2956122368
indri,nolug,tfidf,0.190664,0.45495,0.432,0.45781,0.283334,0.453754,1.2919513352,4.389664485,4.1288,372.965888995,0.9954845122,3.0728150042
indri,krovetz,bb2,0.22899,0.504304,0.48,0.518426,0.319556,0.47682,1.644930485,4.6956655392,4.72,434.20307565,1.1378309232,2.6895479
indri,krovetz,bm25,0.21917,0.5035,0.482,0.508998,0.313562,0.46988,1.465133885,4.7963544,4.9338,424.277990925,1.0797292378,2.8150921
indri,krovetz,dfiz,0.217976,0.480146,0.472,0.505904,0.322882,0.442874,1.7376384912,4.6362094042,4.6208,422.710245814,1.1189240938,2.8431974162
indri,krovetz,dfree,0.222654,0.498916,0.474,0.504554,0.323918,0.482566,1.8296079242,4.4112462872,4.7162,423.346155789,1.2069635538,2.4714881922
indri,krovetz,dirichletlm,0.197254,0.45891,0.438,0.471836,0.293434,0.433946,1.7037896042,4.076116505,3.8178,394.418936412,1.3692537922,2.8603600242
indri,krovetz,dlh,0.226066,0.5117,0.498,0.51765,0.314962,0.487934,1.6536837522,4.5251072,4.7098,444.670044505,1.0994257978,2.4207247722
indri,krovetz,dph,0.225086,0.515484,0.486,0.508294,0.318476,0.500924,1.6891337002,4.4631155872,4.5402,434.933258742,1.0466946712,2.4513360312
indri,krovetz,hiemstralm,0.1942,0.447156,0.43,0.474218,0.290338,0.449996,1.5255335,4.6253869232,4.605,403.198993589,1.1963912178,3.2244915392
indri,krovetz,ifb2,0.22732,0.50764,0.48,0.51404,0.317382,0.478434,1.61963668,4.74317614,4.84,446.91239988,1.1324472138,2.8003120922
indri,krovetz,inb2,0.228778,0.506134,0.48,0.517696,0.316552,0.49083,1.6319076258,4.5601571922,4.48,453.968986602,1.1416362048,2.523050985
indri,krovetz,inl2,0.22377,0.502982,0.484,0.515932,0.322454,0.476508,1.548432805,4.7906161738,4.9272,453.764075566,1.1005123642,2.7798561168
indri,krovetz,inexpb2,0.22973,0.506384,0.476,0.519344,0.321398,0.483774,1.616368465,4.7664093272,4.7912,460.577129724,1.1477746098,2.7884338162
indri,krovetz,jskls,0.22578,0.5049,0.486,0.50849,0.325366,0.491058,1.8164166,4.48351574,4.9602,448.784935292,1.1441339722,2.4623154818
indri,krovetz,lemurtfidf,0.22341,0.494968,0.478,0.507476,0.30326,0.455936,1.551088365,4.9746980088,4.9258,450.023889772,1.24632954,3.2002195352
indri,krovetz,lgd,0.227048,0.487238,0.474,0.51987,0.328518,0.475706,1.8227670048,4.4695819378,4.9362,468.198988354,1.2521678338,2.7011225482
indri,krovetz,pl2,0.210188,0.500586,0.476,0.495878,0.308236,0.479362,1.3865465128,4.8865993202,4.7912,441.282942686,1.0203501952,2.5801270778
indri,krovetz,tfidf,0.22084,0.505466,0.486,0.511454,0.31561,0.476762,1.49415862,4.9336391922,4.7802,461.334721713,1.012802885,2.8007216178
indri,lovins,bb2,0.203354,0.495682,0.464,0.481418,0.29247,0.48743,1.3548897042,4.5812594338,4.5152,431.961928865,1.007801385,2.633370565
indri,lovins,bm25,0.199766,0.500132,0.482,0.479002,0.290328,0.481876,1.2212646522,4.7217556888,4.8138,432.033367696,0.9028188408,2.8322288912
indri,lovins,dfiz,0.181606,0.438328,0.432,0.468712,0.277812,0.44351,1.1185143082,4.2942890008,4.1688,426.332152994,0.8400182328,2.822402585
indri,lovins,dfree,0.191198,0.484534,0.442,0.467606,0.285724,0.479978,1.3040069898,4.4847663322,4.4018,427.567924695,0.8852569912,2.8475144658
indri,lovins,dirichletlm,0.161878,0.395068,0.382,0.427222,0.260242,0.397418,1.2072699258,4.1399946488,3.9138,414.793319532,1.0392119818,3.2332917738
indri,lovins,dlh,0.196536,0.490912,0.47,0.480524,0.291874,0.47094,1.1705904352,4.4980450128,4.585,441.964517432,0.8940763362,2.63486022
indri,lovins,dph,0.192068,0.488976,0.452,0.471,0.28869,0.479726,1.1805990288,4.4508613312,4.3648,436.60136356,0.870487625,2.7393389162
indri,lovins,hiemstralm,0.169194,0.428762,0.402,0.437476,0.260038,0.424106,1.0348458082,4.5202435378,4.4698,423.000056107,0.9933851178,3.3489817282
indri,lovins,ifb2,0.20289,0.49893,0.486,0.47972,0.292142,0.476816,1.348750045,4.738488365,5.0402,447.9278261,1.1202433818,2.8003779472
indri,lovins,inb2,0.20347,0.499026,0.474,0.483548,0.293938,0.482796,1.347179645,4.5864970962,4.7562,453.538915933,1.0502857578,2.7132734792
indri,lovins,inl2,0.201742,0.495936,0.472,0.483094,0.296026,0.47849,1.2610616818,4.8446485352,4.7608,455.209510132,0.8743505762,2.806611345
indri,lovins,inexpb2,0.205074,0.500084,0.484,0.484822,0.296304,0.490112,1.3420576162,4.6345081472,4.8672,458.995899317,1.0458860592,2.6651085728
indri,lovins,jskls,0.192938,0.488398,0.452,0.46993,0.288932,0.479772,1.2569622978,4.4733499498,4.3248,449.029259893,0.8487616488,2.7080591408
indri,lovins,lemurtfidf,0.20056,0.481886,0.464,0.470754,0.28973,0.459374,1.32631872,5.0941148402,5.0152,452.052966343,1.080915685,3.1433680162
indri,lovins,lgd,0.194552,0.47917,0.462,0.48136,0.28404,0.468436,1.2353462048,4.440225105,4.3578,462.426284972,0.91147148,2.9348158952
indri,lovins,pl2,0.18436,0.473338,0.456,0.461412,0.289122,0.46106,1.05440414,4.7900994978,4.8232,450.208673826,0.9664445258,2.8730542
indri,lovins,tfidf,0.199862,0.502462,0.476,0.479582,0.297288,0.49007,1.2221338978,4.7320632578,4.5912,464.980892168,0.9328900928,2.696808205
indri,porter,bb2,0.218696,0.501918,0.476,0.50865,0.311894,0.494868,1.5642404992,4.4405918738,4.6512,498.09932915,1.1223970482,2.5048999688
indri,porter,bm25,0.212316,0.50502,0.486,0.502234,0.312036,0.503714,1.3985792672,4.45066702,4.3602,492.203533529,1.1096493152,2.6426760602
indri,porter,dfiz,0.199886,0.448656,0.434,0.493724,0.303976,0.431418,1.5538475602,4.1645736632,3.5522,484.763007031,1.0439648712,2.7417428938
indri,porter,dfree,0.206928,0.487622,0.454,0.491156,0.310384,0.494254,1.7139417008,4.1773931058,3.7842,484.258478966,1.2288083672,2.5812189042
indri,porter,dirichletlm,0.18439,0.438842,0.414,0.462016,0.278738,0.426968,1.496649085,4.0428367418,3.8202,463.984749509,1.2479510578,3.2723689288
indri,porter,dlh,0.214314,0.50336,0.484,0.505684,0.309658,0.495286,1.5195920402,4.41248598,4.5272,505.525066923,1.1134043818,2.3431451002
indri,porter,dph,0.210052,0.502792,0.47,0.49599,0.30504,0.512642,1.4721753448,3.9734069368,4.085,496.311181356,1.06791882,2.2593713218
indri,porter,hiemstralm,0.188212,0.444826,0.418,0.4692,0.289814,0.448566,1.4016858528,4.7821531762,4.4738,475.12176072,1.2838576602,3.3734919122
indri,porter,ifb2,0.218122,0.507554,0.49,0.505866,0.30719,0.483862,1.5188319658,4.5466606042,4.385,512.559859736,1.213238525,2.7224090378
indri,porter,inb2,0.219148,0.505848,0.482,0.50817,0.314088,0.499702,1.5588923648,4.4796573648,4.4538,517.756127891,1.1852456528,2.5639781698
indri,porter,inl2,0.213996,0.495986,0.468,0.506214,0.310114,0.502756,1.4797007392,4.4670631402,4.2888,517.356721501,1.1095747202,2.5827367832
indri,porter,inexpb2,0.220186,0.505818,0.484,0.511818,0.314386,0.49794,1.5186881402,4.5080312138,4.4672,526.879913734,1.1652653402,2.6117216
indri,porter,jskls,0.209382,0.49088,0.458,0.494522,0.307342,0.499572,1.6949167538,4.1225291,4.1418,508.151051542,1.1285608618,2.5179865808
indri,porter,lemurtfidf,0.214986,0.492712,0.482,0.4991,0.29763,0.473398,1.4371271402,4.8743268928,4.4338,515.67924877,1.201780565,3.1669088298
indri,porter,lgd,0.212494,0.48142,0.46,0.50681,0.3082,0.474962,1.7121854282,4.36015272,4.22,527.189199784,1.22410098,2.8243844378
indri,porter,pl2,0.200888,0.49232,0.46,0.48995,0.299384,0.488534,1.2342675328,4.7852752,4.72,510.151255005,0.9562665072,2.6297935122
indri,porter,tfidf,0.21186,0.502186,0.472,0.50281,0.314462,0.50444,1.40066486,4.4916444402,4.4008,526.216469254,1.0780016978,2.55324662
indri,snowballPorter,bb2,0.218202,0.500972,0.478,0.50885,0.312004,0.49484,1.5414780098,4.4067518608,4.6058,536.058751215,1.1202083392,2.50726394
indri,snowballPorter,bm25,0.211718,0.503304,0.482,0.502664,0.311966,0.503394,1.3723196138,4.4282487792,4.3138,530.339949076,1.1012246522,2.6473514282
indri,snowballPorter,dfiz,0.199564,0.447602,0.432,0.493776,0.303964,0.433398,1.5424560152,4.1206944698,3.6088,522.433765295,1.0420745552,2.7073994498
indri,snowballPorter,dfree,0.20661,0.487094,0.452,0.49117,0.310558,0.49314,1.702573325,4.1837332682,3.7248,521.911055518,1.2111525218,2.56016124
indri,snowballPorter,dirichletlm,0.183282,0.439106,0.418,0.461756,0.279786,0.428762,1.4654904138,3.9808891282,3.8538,502.524796629,1.2585753602,3.1950642378
indri,snowballPorter,dlh,0.21378,0.499884,0.48,0.50586,0.308034,0.489158,1.50521068,4.4224255672,4.44,543.414592368,1.0746413122,2.3518963418
indri,snowballPorter,dph,0.209986,0.501554,0.47,0.496132,0.304632,0.510536,1.4683971002,4.0165614442,4.085,534.090536202,1.0569269688,2.3169658952
indri,snowballPorter,hiemstralm,0.18758,0.44119,0.416,0.469578,0.28853,0.441474,1.39181996,4.771980085,4.5472,513.647755946,1.273281625,3.3582593962
indri,snowballPorter,ifb2,0.217818,0.507468,0.492,0.50556,0.307496,0.48386,1.5051122538,4.5256997088,4.4168,549.859055058,1.2145411792,2.7213912
indri,snowballPorter,inb2,0.218904,0.504954,0.478,0.508728,0.314862,0.49958,1.5427914192,4.4531893642,4.4458,556.215607558,1.1947054778,2.56009456
indri,snowballPorter,inl2,0.213372,0.49492,0.468,0.506148,0.311072,0.502592,1.4490531608,4.44376482,4.3288,554.957527723,1.0557090608,2.5809085168
indri,snowballPorter,inexpb2,0.219816,0.504076,0.484,0.512204,0.315118,0.49284,1.5023956672,4.4921819312,4.4672,565.207931571,1.1674621138,2.61174184
indri,snowballPorter,jskls,0.208854,0.489302,0.454,0.494218,0.30773,0.493864,1.6748143042,4.1398684698,3.9642,545.448902541,1.109751405,2.5173756752
indri,snowballPorter,lemurtfidf,0.214732,0.492634,0.48,0.499094,0.298208,0.469718,1.4276696888,4.8393075522,4.34,553.283639886,1.2008127768,3.1557883538
indri,snowballPorter,lgd,0.212172,0.48102,0.46,0.506834,0.30808,0.474084,1.7005471008,4.36344712,4.14,564.903115226,1.21378314,2.8120446872
indri,snowballPorter,pl2,0.200756,0.490034,0.456,0.489902,0.299586,0.48672,1.2270306432,4.8434336722,4.6632,547.761946845,0.9541214802,2.68463012
indri,snowballPorter,tfidf,0.211602,0.501882,0.47,0.50316,0.31494,0.504468,1.3825755298,4.4641176938,4.345,564.28982227,1.07547856,2.5532035288
indri,weakPorter,bb2,0.216258,0.489256,0.474,0.496184,0.30669,0.479234,1.5367451418,4.6300485232,4.7762,558.442152083,1.146920145,2.7256809522
indri,weakPorter,bm25,0.208822,0.489396,0.48,0.491112,0.301574,0.469588,1.3853359058,4.7092426392,4.62,555.204852852,1.1785840562,2.7875394928
indri,weakPorter,dfiz,0.202838,0.457676,0.454,0.488504,0.298774,0.434116,1.5812270578,4.4839180312,4.3042,554.749378874,1.2236925762,2.9269054272
indri,weakPorter,dfree,0.210848,0.484668,0.454,0.487334,0.298284,0.480062,1.7624020448,4.6008061088,4.6642,555.799059426,1.1637535872,2.7193458378
indri,weakPorter,dirichletlm,0.182714,0.435658,0.42,0.448682,0.274836,0.4272,1.5870592402,4.2478122818,4.08,536.932524515,1.3988029952,3.16493538
indri,weakPorter,dlh,0.211126,0.488482,0.472,0.497338,0.299996,0.48218,1.5509321762,4.4984316138,4.2808,570.840570083,1.1439828192,2.72972694
indri,weakPorter,dph,0.211498,0.496652,0.466,0.48946,0.298996,0.500996,1.5170015298,4.4113930448,4.2322,564.766341936,1.0072506592,2.5289285192
indri,weakPorter,hiemstralm,0.183316,0.427176,0.414,0.456456,0.273328,0.445452,1.4188382272,4.6088280112,4.8002,545.826970752,1.2640959608,3.2043312048
indri,weakPorter,ifb2,0.215648,0.49674,0.48,0.491598,0.302034,0.48285,1.5055340048,4.55290358,4.82,571.617135437,1.2017433522,2.773394485
indri,weakPorter,inb2,0.217014,0.492676,0.476,0.496964,0.30147,0.48864,1.5186675802,4.7220202112,4.7512,579.552238963,1.115249085,2.82357234
indri,weakPorter,inl2,0.21213,0.486678,0.476,0.496112,0.302006,0.465002,1.468093905,4.7890745058,4.7112,580.692591719,1.1533700282,2.8300906698
indri,weakPorter,inexpb2,0.218882,0.497378,0.476,0.498254,0.308728,0.490036,1.4967320938,4.6243457858,4.8712,585.294776687,1.1424627208,2.7624081352
indri,weakPorter,jskls,0.211884,0.487564,0.458,0.490618,0.302626,0.491506,1.7126691672,4.5258702952,4.4418,579.259490175,1.1682351962,2.6239615682
indri,weakPorter,lemurtfidf,0.209026,0.469716,0.46,0.482132,0.28985,0.441134,1.5013892162,5.1402846072,5.22,574.120314404,1.256024985,3.4095228922
indri,weakPorter,lgd,0.2129,0.466026,0.456,0.499014,0.30597,0.4609,1.72647558,4.6822508962,4.5832,592.988879795,1.316165145,3.0225508
indri,weakPorter,pl2,0.195926,0.479268,0.46,0.475938,0.293438,0.477702,1.2255028162,4.4506758688,4.04,573.580595021,0.9962541978,2.7381923898
indri,weakPorter,tfidf,0.20894,0.48874,0.472,0.49138,0.301742,0.469762,1.39696934,4.7548171,4.7008,588.72346537,1.1296992818,2.7766531778
lucene,nolug,bb2,0.194068,0.457982,0.432,0.459814,0.289728,0.459312,1.4836224088,4.2709585138,4.0688,569.322804719,1.1030789608,2.8510737928
lucene,nolug,bm25,0.18681,0.454344,0.43,0.45398,0.27948,0.452406,1.275137825,4.3991999632,4.265,569.536012368,1.04785896,3.0365501282
lucene,nolug,dfiz,0.184676,0.440736,0.408,0.451602,0.276812,0.476012,1.2569647712,4.0758422952,3.6568,570.931895722,0.8400603528,2.9693564528
lucene,nolug,dfree,0.193342,0.455068,0.426,0.454122,0.285462,0.483312,1.5935253218,4.3146621888,4.3762,573.526709604,1.0694770178,2.7076452128
lucene,nolug,dirichletlm,0.156788,0.382024,0.358,0.413772,0.25556,0.399638,1.3336770528,4.1347392112,3.7418,582.732439665,1.0456002,3.2889715378
lucene,nolug,dlh,0.194786,0.458594,0.45,0.463894,0.28296,0.456002,1.4217367802,4.4266448282,4.425,581.365801328,1.04287934,2.8693569498
lucene,nolug,dph,0.19304,0.469108,0.452,0.458336,0.288564,0.481432,1.4236979,4.4237430568,4.4048,581.228061611,0.8525090552,2.8809398888
lucene,nolug,hiemstralm,0.153902,0.369596,0.36,0.419532,0.254444,0.366894,1.2167087298,3.8843938392,3.94,586.175272558,1.1885131832,2.9321802882
lucene,nolug,ifb2,0.191456,0.458,0.428,0.45485,0.284466,0.467248,1.3882438232,4.2436733,4.1208,584.641044805,1.1310992922,2.8993348048
lucene,nolug,inb2,0.193396,0.456176,0.426,0.457564,0.28092,0.455732,1.4194093992,4.3467019712,4.1962,587.674079945,1.10763752,2.7817367288
lucene,nolug,inl2,0.194578,0.461238,0.434,0.462678,0.289864,0.459866,1.3964361658,4.5037084778,3.9722,591.67865888,1.0553348152,2.9975953322
lucene,nolug,inexpb2,0.194794,0.456768,0.432,0.462516,0.290024,0.454464,1.4324244482,4.2685135488,4.1288,593.781785039,1.1380857512,2.8646604152
lucene,nolug,jskls,0.19435,0.460096,0.434,0.456332,0.285052,0.48923,1.558353605,4.3642272592,4.5122,593.571510726,1.0145598448,2.739568445
lucene,nolug,lemurtfidf,0.191808,0.435984,0.412,0.451312,0.270794,0.419732,1.3746268768,4.8335459672,4.7328,594.700458335,1.1845294882,3.4092322888
lucene,nolug,lgd,0.19993,0.445556,0.424,0.463916,0.288592,0.476038,1.656462985,4.2217184232,4.2112,600.921876721,1.1911460568,2.7615843378
lucene,nolug,pl2,0.176004,0.434868,0.426,0.440314,0.271202,0.433384,1.1662117992,4.7149265688,4.3562,597.904289318,0.8970213298,3.2324810672
lucene,nolug,tfidf,0.189456,0.454642,0.434,0.456878,0.283698,0.445338,1.3218902232,4.6000024418,4.1922,602.018688195,0.9577701698,3.1399099578
lucene,krovetz,bb2,0.229022,0.50525,0.472,0.51439,0.31825,0.48994,1.7178219858,4.690141305,4.7808,658.815166022,1.126044645,2.6036917
lucene,krovetz,bm25,0.220564,0.504176,0.48,0.50883,0.314084,0.472056,1.4922639152,4.7722375912,4.64,652.503965939,1.0133562072,2.7864652832
lucene,krovetz,dfiz,0.206832,0.46784,0.446,0.493514,0.313888,0.45599,1.4022380288,4.51663706,4.3242,634.871605361,0.9871746528,2.832142445
lucene,krovetz,dfree,0.219688,0.495966,0.474,0.500792,0.31869,0.484678,1.6931218728,4.4528807722,4.8562,645.77226547,1.054562405,2.5628072058
lucene,krovetz,dirichletlm,0.189148,0.445212,0.416,0.46502,0.29131,0.428886,1.4870955648,4.0619521728,3.6272,616.929053744,1.275946425,2.9867950402
lucene,krovetz,dlh,0.223982,0.512832,0.488,0.513648,0.316266,0.49294,1.5958298138,4.5444326288,4.4928,669.029599782,1.0983384522,2.352394
lucene,krovetz,dph,0.222922,0.515188,0.502,0.5053,0.317516,0.485688,1.6086844458,4.5607684928,4.5498,658.8515335,0.9985328872,2.5655511128
lucene,krovetz,hiemstralm,0.190312,0.436824,0.42,0.469584,0.289874,0.436982,1.5204305128,4.5127043312,4.4,626.309030995,1.1789819362,3.1835891738
lucene,krovetz,ifb2,0.22504,0.502264,0.476,0.511634,0.312086,0.476522,1.59140588,4.8639115752,4.7512,672.907553132,1.1531121802,2.8146046058
lucene,krovetz,inb2,0.229412,0.508966,0.48,0.514882,0.316832,0.502568,1.6746223328,4.6773404122,4.66,680.303697063,1.1496202288,2.5266752488
lucene,krovetz,inl2,0.226396,0.50446,0.484,0.515322,0.318628,0.474894,1.6197565592,4.8061395,4.6872,683.232444853,1.0677974208,2.7632587482
lucene,krovetz,inexpb2,0.229718,0.50781,0.488,0.51782,0.319924,0.486754,1.6527710938,4.780055505,4.8328,689.612996234,1.1574006712,2.7268471842
lucene,krovetz,jskls,0.222844,0.501934,0.488,0.504044,0.321288,0.475694,1.7088377032,4.6311120322,4.8728,670.902028276,1.0446380928,2.6591280082
lucene,krovetz,lemurtfidf,0.222122,0.48951,0.472,0.504888,0.30441,0.449172,1.5508157658,5.091901605,4.8408,674.529509438,1.271552845,3.1990051608
lucene,krovetz,lgd,0.226144,0.48581,0.48,0.515292,0.327912,0.46885,1.8077573032,4.478910505,4.58,692.432593003,1.1574264728,2.709161405
lucene,krovetz,pl2,0.208372,0.500272,0.482,0.493818,0.305922,0.465316,1.4100233608,4.9126112808,4.9138,665.160818067,0.9706406458,2.5864610872
lucene,krovetz,tfidf,0.221646,0.507012,0.49,0.506982,0.311222,0.475978,1.5354062842,4.7847742728,4.465,684.018009065,0.9787466658,2.7201691058
lucene,lovins,bb2,0.198644,0.486524,0.444,0.471486,0.292144,0.488696,1.3876099432,4.6283639112,4.3232,650.742262333,1.0243797232,2.7055694592
lucene,lovins,bm25,0.197678,0.48438,0.47,0.47405,0.290926,0.471898,1.2449132458,4.90208282,4.765,654.4082961,1.0105493362,3.0330512098
lucene,lovins,dfiz,0.17456,0.41882,0.412,0.4585,0.275096,0.423022,1.12609184,4.36181564,4.1928,649.31718125,0.8098825592,2.9915849658
lucene,lovins,dfree,0.18531,0.46284,0.432,0.462358,0.282588,0.46956,1.228435605,4.75608594,4.5888,652.511591972,0.8099998328,3.05952122
lucene,lovins,dirichletlm,0.156378,0.381098,0.376,0.419996,0.257126,0.374178,1.1731270258,4.2713215498,4.0912,661.268446759,0.9922796762,3.3195330658
lucene,lovins,dlh,0.191892,0.481364,0.468,0.474934,0.294048,0.461424,1.1140526368,4.3871986152,4.2488,663.582045517,0.9574640248,2.6606508312
lucene,lovins,dph,0.188926,0.47098,0.44,0.469062,0.281748,0.469944,1.1809258362,4.83507538,4.44,662.067165079,0.8435709848,3.0878058032
lucene,lovins,hiemstralm,0.163014,0.411766,0.394,0.431768,0.2598,0.420056,0.9873956602,4.3157863922,4.1482,661.554828378,0.95890926,3.3642293432
lucene,lovins,ifb2,0.19946,0.48916,0.458,0.474172,0.287284,0.470932,1.37129632,4.94329392,4.8418,669.659289497,1.1176116872,2.9819478488
lucene,lovins,inb2,0.20034,0.485958,0.458,0.47745,0.292114,0.4857,1.35548908,4.7805521818,4.7618,674.23253562,1.0591664002,2.87632068
lucene,lovins,inl2,0.199838,0.483144,0.462,0.478446,0.287534,0.474036,1.2981863378,4.9679491832,4.8178,677.111302622,0.9638391922,2.9727973352
lucene,lovins,inexpb2,0.203078,0.493378,0.45,0.480882,0.296072,0.482188,1.3598443258,4.9381146458,4.805,681.280816167,1.1131420608,2.8432884928
lucene,lovins,jskls,0.186858,0.462946,0.432,0.46411,0.28793,0.463436,1.2049743018,4.7811462042,4.5088,672.964670059,0.794738805,3.0445294352
lucene,lovins,lemurtfidf,0.19778,0.475338,0.46,0.468066,0.287336,0.44986,1.30719574,5.3427274978,5.04,677.155902242,1.0917079952,3.4383129
lucene,lovins,lgd,0.189508,0.452282,0.434,0.47255,0.281792,0.449176,1.2404363568,4.6061534338,4.3922,681.728581205,0.8785880168,3.0468766312
lucene,lovins,pl2,0.182546,0.462878,0.438,0.460118,0.290618,0.455864,1.0494434242,4.9553561258,4.6978,677.984155279,0.9846041138,2.9438294352
lucene,lovins,tfidf,0.197684,0.485174,0.458,0.472014,0.29375,0.475164,1.2345853272,4.9281819362,4.7618,685.421173641,1.045680085,2.8901516352
lucene,porter,bb2,0.217894,0.502092,0.484,0.502206,0.309822,0.492978,1.6219628282,4.4234987368,4.2672,717.677703677,1.1110691258,2.5804082858
lucene,porter,bm25,0.211572,0.499084,0.48,0.500724,0.30743,0.482508,1.4109658808,4.6058221872,4.36,717.761352458,1.143110625,2.7275469968
lucene,porter,dfiz,0.18869,0.439608,0.416,0.480982,0.2979,0.439592,1.242731905,4.1322288368,3.9872,698.396208492,0.92978052,2.8835996768
lucene,porter,dfree,0.202214,0.47533,0.448,0.48601,0.30821,0.474714,1.5642793802,4.295966925,4.2648,705.002769319,1.058152405,2.7308205202
lucene,porter,dirichletlm,0.176336,0.429844,0.406,0.454706,0.274028,0.419884,1.3136224952,3.8917341832,3.5282,690.164786761,1.1017768608,3.1433799272
lucene,porter,dlh,0.211038,0.496904,0.492,0.500252,0.30715,0.475194,1.4731300778,4.5565757792,4.6568,726.090267034,1.093591405,2.5479178282
lucene,porter,dph,0.20794,0.49306,0.468,0.493936,0.30552,0.486418,1.45580622,4.40488934,4.3688,720.303526298,1.0282791,2.6519462938
lucene,porter,hiemstralm,0.184482,0.429588,0.41,0.464534,0.282712,0.430976,1.4125095538,4.6203796128,4.665,699.652061176,1.2490825128,3.2149381912
lucene,porter,ifb2,0.215168,0.501008,0.482,0.502064,0.302988,0.482302,1.4655294288,4.5293340568,4.1938,735.38875443,1.1496508928,2.7299096098
lucene,porter,inb2,0.218042,0.49753,0.47,0.504388,0.318152,0.487864,1.5710854618,4.651189045,4.805,740.971878981,1.2046301448,2.6464210552
lucene,porter,inl2,0.215216,0.493788,0.472,0.504752,0.30953,0.489336,1.5328379272,4.6029821128,4.3608,743.699850916,1.150536505,2.6798481152
lucene,porter,inexpb2,0.21991,0.503526,0.48,0.510046,0.311042,0.487706,1.549465885,4.6683832762,4.56,754.038814562,1.0814680218,2.7349589282
lucene,porter,jskls,0.204432,0.476758,0.444,0.490774,0.30675,0.470322,1.5361315688,4.3093029418,4.3232,730.359479199,0.992857865,2.6727105858
lucene,porter,lemurtfidf,0.213336,0.487432,0.474,0.497544,0.300196,0.455214,1.4379707552,5.1011628488,4.8562,740.78247426,1.2374262392,3.3792146802
lucene,porter,lgd,0.209898,0.468118,0.456,0.500622,0.30272,0.466932,1.6835086698,4.4016158338,4.2632,747.095710681,0.95609518,2.8920449088
lucene,porter,pl2,0.199562,0.4858,0.47,0.486474,0.298742,0.470898,1.2739435578,4.8489365,4.625,732.770900125,0.9724193418,2.7462336098
lucene,porter,tfidf,0.211116,0.49666,0.47,0.496134,0.305938,0.494838,1.4311425072,4.54954714,4.365,745.439775593,1.0724038578,2.6013336978
lucene,snowballPorter,bb2,0.21769,0.501976,0.488,0.503578,0.310166,0.492614,1.605591305,4.3972530712,4.0728,757.681015199,1.1019730522,2.5793358202
lucene,snowballPorter,bm25,0.210654,0.495892,0.478,0.5012,0.306474,0.473582,1.3789570842,4.6221928368,4.3058,756.46766453,1.1169419362,2.7829551538
lucene,snowballPorter,dfiz,0.188164,0.43957,0.416,0.480474,0.299054,0.446012,1.2078263352,4.052083925,3.8272,736.123431373,1.0587490842,2.8813477328
lucene,snowballPorter,dfree,0.202682,0.476364,0.452,0.486708,0.308442,0.477794,1.5386368138,4.3245364352,4.1848,743.71683561,1.0625211418,2.8318949882
lucene,snowballPorter,dirichletlm,0.175596,0.429276,0.406,0.453136,0.272404,0.41819,1.3064377392,3.8940414312,3.6082,729.322043249,1.1120525792,3.155427165
lucene,snowballPorter,dlh,0.211122,0.49454,0.492,0.500916,0.305846,0.462534,1.4735773458,4.59167326,4.6768,765.094898928,1.0753671642,2.5704429322
lucene,snowballPorter,dph,0.207806,0.49352,0.47,0.4941,0.305542,0.485272,1.4309396882,4.41831308,4.365,758.55886546,1.0220853418,2.6723073208
lucene,snowballPorter,hiemstralm,0.183846,0.427442,0.41,0.464436,0.283792,0.424974,1.3978944642,4.6131783418,4.625,738.366182716,1.2181840568,3.2438396762
lucene,snowballPorter,ifb2,0.215218,0.501338,0.482,0.502154,0.303082,0.474686,1.4611588738,4.5605034778,4.2138,773.675491376,1.1599168138,2.7548872002
lucene,snowballPorter,inb2,0.217858,0.495906,0.472,0.504846,0.318166,0.481796,1.5625674218,4.6777993882,4.6608,779.854025728,1.2054235322,2.6481014792
lucene,snowballPorter,inl2,0.214714,0.491868,0.466,0.5038,0.30942,0.48323,1.5186863002,4.6453295888,4.4122,780.53918162,1.09596954,2.699749165
lucene,snowballPorter,inexpb2,0.219768,0.502524,0.48,0.509906,0.310324,0.481858,1.5376751888,4.6749697512,4.42,792.18726035,1.1074536312,2.7337061618
lucene,snowballPorter,jskls,0.204652,0.476474,0.444,0.490566,0.307386,0.47258,1.5107576048,4.3714743762,4.2632,768.26499575,0.9897145602,2.80049676
lucene,snowballPorter,lemurtfidf,0.212984,0.486104,0.478,0.497436,0.300726,0.448852,1.4273546272,5.1073959192,4.8658,778.777345696,1.2356194562,3.4051703848
lucene,snowballPorter,lgd,0.210042,0.467716,0.46,0.50107,0.303526,0.464014,1.6805088418,4.4583535672,4.18,785.882339319,0.9715937362,2.9658807802
lucene,snowballPorter,pl2,0.199446,0.48678,0.472,0.486736,0.30078,0.471164,1.2622305642,4.83849904,4.6408,771.187594874,1.01266492,2.7285246752
lucene,snowballPorter,tfidf,0.210932,0.496884,0.472,0.496832,0.30621,0.489808,1.4179597488,4.5593055472,4.3208,784.465114244,1.072482665,2.6068918368
lucene,weakPorter,bb2,0.215012,0.486436,0.47,0.492642,0.304066,0.47013,1.5765083128,4.6057233952,4.845,781.762945692,1.1240064122,2.680074725
lucene,weakPorter,bm25,0.207632,0.484588,0.486,0.48796,0.302932,0.459134,1.3798575288,4.7360836328,4.4202,778.847403732,1.1469976488,2.8941364322
lucene,weakPorter,dfiz,0.191462,0.44655,0.424,0.47434,0.290876,0.446696,1.2617128178,4.341213745,4.1312,769.996814408,1.0427902312,2.9028480592
lucene,weakPorter,dfree,0.203682,0.470384,0.452,0.480016,0.296378,0.465156,1.5880087938,4.7693150072,4.8448,775.969616816,1.0236511058,2.9821350232
lucene,weakPorter,dirichletlm,0.174002,0.42422,0.396,0.441888,0.266838,0.428432,1.3735287098,4.2096388,3.8592,770.568649363,1.2137175578,3.3473062288
lucene,weakPorter,dlh,0.208172,0.486498,0.48,0.49244,0.29734,0.463758,1.4952896408,4.7372039298,4.56,792.444950692,1.04216702,2.9184920418
lucene,weakPorter,dph,0.208856,0.496594,0.482,0.485718,0.29591,0.481394,1.4743027432,4.6072423082,4.3738,787.579674851,0.958828445,2.7455530082
lucene,weakPorter,hiemstralm,0.179984,0.423638,0.41,0.451436,0.271076,0.42717,1.4248817272,4.6765439378,5.025,775.300752838,1.2292034712,3.226187905
lucene,weakPorter,ifb2,0.211704,0.487324,0.478,0.488356,0.298618,0.470056,1.4396637792,4.6242951912,4.8458,794.875191873,1.2335483338,2.7779273232
lucene,weakPorter,inb2,0.215336,0.484922,0.472,0.493546,0.300204,0.47636,1.5145935952,4.7677843658,5.0808,802.785417521,1.2054270992,2.81967072
lucene,weakPorter,inl2,0.212244,0.48133,0.478,0.492298,0.302942,0.457524,1.5166788432,4.821379765,4.5658,803.462735443,1.1261135018,2.9580388712
lucene,weakPorter,inexpb2,0.216712,0.490842,0.49,0.496932,0.30388,0.47215,1.5049706128,4.6649952218,4.925,811.253609808,1.17040388,2.784974865
lucene,weakPorter,jskls,0.20762,0.476904,0.448,0.483106,0.294816,0.474976,1.57352702,4.7574620392,4.8448,798.632862901,0.9726560472,2.8925191312
lucene,weakPorter,lemurtfidf,0.20711,0.466034,0.45,0.479004,0.286738,0.442822,1.468996445,5.1275893122,5.125,797.913837439,1.3064432978,3.2595280458
lucene,weakPorter,lgd,0.209846,0.458552,0.442,0.491738,0.294866,0.45115,1.7028695642,4.6926732248,4.6418,811.949594164,0.9889755922,3.111655565
lucene,weakPorter,pl2,0.194638,0.478106,0.466,0.4748,0.295126,0.462482,1.2451600778,4.5403265682,4.1922,799.32894973,0.9608800762,2.7219096538
lucene,weakPorter,tfidf,0.208374,0.486814,0.476,0.487212,0.299192,0.461316,1.4155230562,4.7131983002,4.6712,811.228020864,1.0357360368,2.8213557272
smart,nolug,bb2,0.198084,0.465318,0.438,0.469246,0.29536,0.463666,1.3955976072,4.1578758138,3.9978,800.591781222,1.04417292,2.8748173922
smart,nolug,bm25,0.191282,0.454556,0.434,0.460844,0.284158,0.447226,1.2749902538,4.2901108232,4.1122,800.001288723,0.9841109818,3.0647986962
smart,nolug,dfiz,0.201262,0.469178,0.444,0.46957,0.292708,0.48955,1.5562808978,4.1612734058,4.0832,804.703005429,1.0958485568,2.871376605
smart,nolug,dfree,0.203152,0.4685,0.448,0.468786,0.28743,0.486084,1.6488706648,4.12713826,4.1648,806.451666064,1.048145965,2.6044396672
smart,nolug,dirichletlm,0.165748,0.391652,0.362,0.423412,0.26319,0.408654,1.4936762248,3.9583740448,3.9178,821.71118702,1.076201405,3.0707682442
smart,nolug,dlh,0.201836,0.458362,0.442,0.469876,0.2876,0.458534,1.5243878152,4.2744626378,4.1618,811.554723986,1.11684688,2.8307875522
smart,nolug,dph,0.199222,0.473316,0.462,0.467928,0.28932,0.472112,1.4875023858,4.2951581872,4.2978,812.745185574,0.9465359,2.8164617728
smart,nolug,hiemstralm,0.158816,0.378676,0.364,0.42699,0.261544,0.379446,1.2478917272,3.6957211712,3.7752,824.90407523,1.1821260032,2.8282343042
smart,nolug,ifb2,0.19698,0.463158,0.44,0.465866,0.292698,0.462948,1.38739064,4.2124774018,4.14,816.349954925,1.0836636898,2.9040936848
smart,nolug,inb2,0.196212,0.465518,0.444,0.463166,0.285964,0.471064,1.3688116528,4.2164919138,4.3232,817.679112418,1.0741689352,2.8152138352
smart,nolug,inl2,0.197712,0.45823,0.434,0.467616,0.294434,0.456138,1.3627964728,4.263764325,4.2522,821.128122715,1.0540894122,2.9499056178
smart,nolug,inexpb2,0.197732,0.465786,0.444,0.468264,0.293978,0.463242,1.3880499488,4.1878073202,4.1432,823.473722116,1.0695799258,2.9018676618
smart,nolug,jskls,0.204226,0.473174,0.452,0.469954,0.291416,0.47799,1.6477162362,4.1755324762,4.1048,826.27679674,1.0199838672,2.701753225
smart,nolug,lemurtfidf,0.190728,0.432542,0.414,0.451686,0.271816,0.41823,1.3651878008,4.6932778018,4.5202,825.439738833,1.1406756472,3.381500665
smart,nolug,lgd,0.207622,0.45981,0.438,0.473328,0.287818,0.484664,1.7072900458,4.261023525,4.2778,832.540242561,1.2346269338,2.7580326552
smart,nolug,pl2,0.181578,0.441,0.428,0.446962,0.27386,0.445172,1.1550295458,4.52189654,4.2808,830.306278026,0.96526372,3.1736991408
smart,nolug,tfidf,0.193172,0.457648,0.434,0.46182,0.28548,0.449586,1.2827548208,4.3590959448,4.1722,831.750046316,0.99719396,3.0603712002
smart,krovetz,bb2,0.229782,0.503004,0.482,0.523468,0.319276,0.477538,1.5866560938,4.6671120592,4.6738,908.105804677,1.0873708112,2.6452678578
smart,krovetz,bm25,0.222728,0.505222,0.486,0.51366,0.31779,0.472034,1.4843094408,4.9233508058,4.8402,890.21929892,1.045973725,2.9110965522
smart,krovetz,dfiz,0.223032,0.49787,0.476,0.51211,0.324164,0.472726,1.7030242288,4.400857205,4.6112,889.46049285,1.0373971352,2.6106470562
smart,krovetz,dfree,0.228962,0.508584,0.48,0.516028,0.328724,0.491464,1.8096814178,4.3509816072,4.78,899.035972822,1.1028881112,2.4225656552
smart,krovetz,dirichletlm,0.198216,0.455728,0.44,0.47341,0.294228,0.424526,1.7248947472,4.2178731408,3.82,847.937281052,1.4074739008,2.9463823162
smart,krovetz,dlh,0.229444,0.511448,0.484,0.520616,0.318046,0.491586,1.6928722032,4.3509313648,4.4472,913.426142149,1.0918240442,2.3715119402
smart,krovetz,dph,0.22847,0.520888,0.482,0.513336,0.317012,0.509092,1.671284445,4.4328049128,4.3938,901.060127544,1.0198009528,2.4324539568
smart,krovetz,hiemstralm,0.194644,0.448018,0.422,0.474452,0.29373,0.445692,1.5699632832,4.6517677538,4.1058,855.520189141,1.300289125,3.3001403568
smart,krovetz,ifb2,0.228736,0.504276,0.484,0.521162,0.318238,0.479158,1.5858614152,4.8104050312,4.9072,921.412099494,1.0923629978,2.7900939818
smart,krovetz,inb2,0.228328,0.506662,0.474,0.517452,0.318874,0.4886,1.5748073608,4.5026816778,4.4162,915.900593568,1.1257539162,2.45124154
smart,krovetz,inl2,0.227324,0.50545,0.48,0.520524,0.32389,0.477176,1.5683861112,4.836476505,5.08,924.361013633,1.101202425,2.6987798112
smart,krovetz,inexpb2,0.229748,0.505702,0.48,0.522548,0.320774,0.479312,1.5923830248,4.8073330098,4.96,930.8986763,1.1118067562,2.7535558528
smart,krovetz,jskls,0.231688,0.518028,0.486,0.517414,0.327164,0.502142,1.7917879728,4.3929900408,4.7802,922.27820248,1.0834751752,2.4474320418
smart,krovetz,lemurtfidf,0.221614,0.491276,0.474,0.506632,0.303164,0.461368,1.5507251602,4.9171373512,4.9962,904.983152986,1.2410279352,3.2709652488
smart,krovetz,lgd,0.233354,0.493292,0.474,0.524978,0.333258,0.473404,1.8755800642,4.5151737168,4.9362,943.120880626,1.2592784218,2.6997435792
smart,krovetz,pl2,0.211602,0.49825,0.474,0.499518,0.311232,0.47692,1.3773768898,4.842262965,4.4362,898.347707948,1.0144080888,2.6739359
smart,krovetz,tfidf,0.223086,0.503794,0.488,0.516002,0.318928,0.47069,1.4789620002,4.9855852082,4.7328,928.209874162,1.0177929808,2.889482145
smart,lovins,bb2,0.213342,0.514926,0.486,0.494538,0.296478,0.505582,1.5032774818,4.6849846562,4.7602,896.189741444,1.0092853858,2.6269633738
smart,lovins,bm25,0.20863,0.511582,0.496,0.491216,0.296726,0.495016,1.326410865,4.7905000138,4.8792,894.43504614,0.9621659962,2.8324515472
smart,lovins,dfiz,0.194506,0.451558,0.438,0.482818,0.29194,0.460824,1.3116638482,4.3897051818,4.0978,888.283620189,0.87273954,2.8643863312
smart,lovins,dfree,0.207814,0.502032,0.476,0.485322,0.29843,0.48986,1.5889746002,4.4740352688,4.6512,892.655339498,1.005982425,2.78604202
smart,lovins,dirichletlm,0.171072,0.409916,0.396,0.438556,0.266928,0.393832,1.3410396808,4.5825397072,4.3192,889.740511977,1.1319619608,3.2750497888
smart,lovins,dlh,0.205442,0.492934,0.47,0.490862,0.29625,0.47287,1.3206510818,4.4825284322,4.825,903.265229148,0.939971405,2.587587945
smart,lovins,dph,0.201762,0.503828,0.476,0.483016,0.297894,0.499596,1.2914824578,4.3487096408,4.3912,897.700772856,0.9292059082,2.5408505792
smart,lovins,hiemstralm,0.176408,0.4258,0.402,0.447978,0.269706,0.420258,1.2128059968,4.69464726,4.4098,891.682159495,1.0957159482,3.3508815418
smart,lovins,ifb2,0.212792,0.514742,0.494,0.493796,0.298496,0.499138,1.4719501568,4.7551405418,4.9282,913.582377553,1.0930544592,2.7670666378
smart,lovins,inb2,0.21282,0.513228,0.49,0.493,0.299454,0.499198,1.49088322,4.6106012208,4.845,914.92361966,1.0903029242,2.6383374098
smart,lovins,inl2,0.2119,0.511358,0.504,0.495606,0.299828,0.496176,1.40169782,4.8139821218,4.5992,920.368320828,0.9114946808,2.8180359712
smart,lovins,inexpb2,0.213624,0.515136,0.496,0.495286,0.29998,0.4992,1.4676117912,4.6985410352,4.8992,922.243756036,1.02740276,2.73956288
smart,lovins,jskls,0.208116,0.505398,0.472,0.487538,0.302448,0.49779,1.5138189472,4.4606992498,4.4208,915.576089183,0.9741433048,2.629909145
smart,lovins,lemurtfidf,0.202102,0.487588,0.47,0.47624,0.28634,0.468928,1.3270395498,5.1429816928,5.025,908.987931254,1.12521386,3.2603089808
smart,lovins,lgd,0.210762,0.491048,0.474,0.494974,0.299764,0.478078,1.6105646778,4.4656284648,4.4162,928.774288712,1.1125678152,2.9038199458
smart,lovins,pl2,0.190288,0.477156,0.458,0.472966,0.293454,0.465448,1.0938137928,4.7147354632,4.7818,911.506224926,1.0036721842,2.9265151048
smart,lovins,tfidf,0.209184,0.51387,0.49,0.491226,0.303408,0.490434,1.3277779472,4.906598865,4.805,928.448822335,0.9615377368,2.8084868722
smart,porter,bb2,0.219282,0.50482,0.484,0.512256,0.314678,0.502446,1.5065488138,4.41168234,4.3872,962.453352949,1.0945372258,2.5304051642
smart,porter,bm25,0.213906,0.49981,0.474,0.50594,0.311142,0.499084,1.3909776882,4.474664185,4.2562,953.289434896,1.1013313018,2.7030272472
smart,porter,dfiz,0.204994,0.466176,0.446,0.499536,0.305744,0.459444,1.5291629282,4.0801881112,3.7842,945.440845761,1.0068451832,2.6784395432
smart,porter,dfree,0.21169,0.489696,0.452,0.499868,0.309614,0.491512,1.722040645,4.1637646992,3.7648,948.053704587,1.1297141002,2.6203035928
smart,porter,dirichletlm,0.186372,0.44228,0.42,0.463268,0.282502,0.424178,1.5437433208,4.15137594,3.78,921.967303276,1.2531077498,3.2352761458
smart,porter,dlh,0.215718,0.492626,0.472,0.507592,0.309624,0.48122,1.5596060738,4.3312287162,4.3808,965.178722146,1.1305260112,2.36569318
smart,porter,dph,0.212442,0.500952,0.476,0.501008,0.307644,0.514472,1.4693722818,3.8977011248,3.7912,956.686192774,1.0342529432,2.2146041408
smart,porter,hiemstralm,0.188088,0.441186,0.412,0.469288,0.293352,0.436998,1.4510222928,4.8795650202,4.4328,930.121803479,1.3231445048,3.3716886698
smart,porter,ifb2,0.219294,0.508862,0.484,0.51048,0.31549,0.498486,1.4830458282,4.4925853978,4.3872,977.026597952,1.199179465,2.6214886802
smart,porter,inb2,0.218958,0.50682,0.48,0.509718,0.315424,0.501668,1.4942408218,4.39906778,4.38,977.849079922,1.1541571512,2.5084736688
smart,porter,inl2,0.216274,0.496426,0.468,0.509952,0.313476,0.501852,1.4764652362,4.4264686962,4.3088,980.371144568,1.1649975112,2.6154060248
smart,porter,inexpb2,0.220012,0.507026,0.49,0.512714,0.317792,0.498614,1.4820236928,4.4271417362,4.345,987.7190356,1.1599764968,2.5556741202
smart,porter,jskls,0.214776,0.49882,0.458,0.503138,0.31183,0.50109,1.6906132512,4.05613292,4.0218,973.166112208,1.096366145,2.379066025
smart,porter,lemurtfidf,0.21225,0.487762,0.484,0.49866,0.298318,0.470926,1.411825545,4.7151404978,4.3672,969.004208942,1.2309590538,3.1799996762
smart,porter,lgd,0.217126,0.481188,0.468,0.510988,0.312382,0.47603,1.7848846962,4.4152638328,4.2488,991.30421118,1.2399144538,2.937057145
smart,porter,pl2,0.20274,0.488832,0.458,0.492898,0.30096,0.490314,1.2380713,4.7013435288,4.5618,965.753863059,0.97696988,2.6039566602
smart,porter,tfidf,0.213124,0.49556,0.472,0.506036,0.315048,0.496542,1.3818312112,4.43719744,4.2808,986.516299759,1.0891067448,2.6159030218
smart,snowballPorter,bb2,0.218806,0.504198,0.484,0.512772,0.314832,0.502558,1.4857568682,4.3727515298,4.3872,1000.83607727,1.0890982888,2.5310525418
smart,snowballPorter,bm25,0.213432,0.499294,0.472,0.506156,0.311366,0.499078,1.3749617888,4.4514849682,4.2008,990.961530264,1.1044025922,2.7033985858
smart,snowballPorter,dfiz,0.204848,0.465466,0.448,0.498776,0.30555,0.459392,1.5262327248,4.1120773522,3.7848,981.662922771,1.004838685,2.7004877968
smart,snowballPorter,dfree,0.211252,0.489692,0.45,0.49913,0.309504,0.490812,1.7089735048,4.1595925768,3.705,984.303442998,1.1220643392,2.6118824328
smart,snowballPorter,dirichletlm,0.18538,0.442318,0.424,0.462512,0.283552,0.423564,1.51975216,4.0952064938,3.8112,960.439986732,1.2677920648,3.2037076152
smart,snowballPorter,dlh,0.215428,0.491762,0.468,0.507728,0.310944,0.47663,1.5503642408,4.3095380578,4.2888,1002.77205827,1.1284482232,2.378831425
smart,snowballPorter,dph,0.212454,0.50047,0.476,0.500672,0.307916,0.512682,1.4713236242,3.934490565,3.7912,993.507314402,1.0255754072,2.2620940938
smart,snowballPorter,hiemstralm,0.187124,0.43853,0.408,0.469292,0.290802,0.437488,1.4255788112,4.843039965,4.5168,968.272622371,1.3351356498,3.3559451328
smart,snowballPorter,ifb2,0.218826,0.50875,0.486,0.509856,0.31325,0.498664,1.4635002162,4.457729605,4.3402,1013.27649184,1.184482205,2.6210623352
smart,snowballPorter,inb2,0.21878,0.506418,0.48,0.510118,0.31594,0.501462,1.48297248,4.3860522738,4.38,1015.96676419,1.1598239,2.5047303978
smart,snowballPorter,inl2,0.215754,0.495962,0.466,0.509804,0.310946,0.501844,1.4566509842,4.4050239978,4.2522,1017.48724556,1.0947106242,2.6158558632
smart,snowballPorter,inexpb2,0.219582,0.507248,0.49,0.512804,0.318164,0.498938,1.4619572138,4.3839944648,4.345,1025.32846872,1.1562733952,2.5580885178
smart,snowballPorter,jskls,0.213814,0.496916,0.456,0.502626,0.312014,0.495704,1.6571298002,4.0451316272,3.8432,1009.68324404,1.0827078402,2.4043613992
smart,snowballPorter,lemurtfidf,0.212022,0.487874,0.484,0.498648,0.29867,0.471266,1.4030139858,4.6875128762,4.3672,1006.29878209,1.230051985,3.1921617322
smart,snowballPorter,lgd,0.21688,0.481734,0.468,0.510252,0.311902,0.476072,1.77759492,4.4114980522,4.1688,1027.34422527,1.2331669098,2.9386923408
smart,snowballPorter,pl2,0.20223,0.485586,0.458,0.493108,0.303694,0.48711,1.222541705,4.7286893402,4.4618,1003.35990241,0.9934898482,2.678497585
smart,snowballPorter,tfidf,0.21285,0.495194,0.47,0.506238,0.315044,0.496518,1.372936045,4.4230424282,4.225,1024.20103767,1.0890383032,2.6162132738
smart,weakPorter,bb2,0.217362,0.492982,0.474,0.501636,0.308208,0.481222,1.4745086778,4.7031721138,4.9962,1018.96427618,1.1128719568,2.6547627458
smart,weakPorter,bm25,0.211626,0.490454,0.47,0.494092,0.303862,0.476974,1.3860989962,4.7889288242,4.825,1010.73986356,1.1748904778,2.7811512362
smart,weakPorter,dfiz,0.207172,0.471152,0.454,0.494294,0.302928,0.463576,1.5474922808,4.2622824248,4.2442,1013.02592174,1.1812090608,2.7910869712
smart,weakPorter,dfree,0.216122,0.48767,0.462,0.497092,0.311016,0.47687,1.7603187658,4.561128625,4.8578,1018.69897207,1.2208714872,2.787850625
smart,weakPorter,dirichletlm,0.184372,0.441582,0.418,0.450342,0.277828,0.432378,1.6069250208,4.2903703538,4.1138,1002.01660451,1.4097343408,3.1891715858
smart,weakPorter,dlh,0.214014,0.4882,0.474,0.501722,0.301384,0.482904,1.5557899002,4.3830926,4.3762,1030.18153933,1.1198347272,2.6404906592
smart,weakPorter,dph,0.214654,0.503462,0.47,0.494546,0.301026,0.50146,1.5009295642,4.3379944578,4.205,1022.31578266,0.9506740562,2.48164388
smart,weakPorter,hiemstralm,0.183222,0.430526,0.4,0.457832,0.277002,0.444028,1.4425460858,4.4791708162,4.46,1006.05245108,1.4044477898,3.1911639008
smart,weakPorter,ifb2,0.217668,0.49582,0.474,0.4999,0.30527,0.487634,1.4570948688,4.68954804,5.0162,1034.1218571,1.126201385,2.6653834722
smart,weakPorter,inb2,0.216372,0.49505,0.472,0.49797,0.30258,0.483984,1.4644407808,4.733332705,4.8208,1033.54029713,1.11729622,2.6968401472
smart,weakPorter,inl2,0.21519,0.487908,0.466,0.501144,0.302534,0.471532,1.465101765,4.8403695968,4.7922,1040.19288893,1.1165449722,2.7973891288
smart,weakPorter,inexpb2,0.218196,0.496684,0.47,0.501914,0.307784,0.482954,1.4612718792,4.6776143872,4.945,1043.50827388,1.0881639872,2.6767438242
smart,weakPorter,jskls,0.216852,0.49841,0.472,0.498026,0.305612,0.496716,1.6750465848,4.453405905,4.5208,1039.93809272,1.1199593128,2.6372543872
smart,weakPorter,lemurtfidf,0.20673,0.459116,0.456,0.48123,0.286902,0.444778,1.469838525,4.8959357672,5.0832,1025.03111815,1.2841401898,3.3354386258
smart,weakPorter,lgd,0.217436,0.468374,0.462,0.504104,0.309,0.449528,1.7664743952,4.7937614162,4.7978,1053.82205629,1.30698934,3.1177877408
smart,weakPorter,pl2,0.198254,0.476312,0.456,0.479316,0.295572,0.481016,1.2097450642,4.3342723128,3.8832,1027.92494363,0.9940115208,2.7588577672
smart,weakPorter,tfidf,0.211106,0.486042,0.466,0.495066,0.304226,0.468056,1.3824074482,4.8399711818,4.8322,1044.74295782,1.1258699362,2.8042336832
snowball,nolug,bb2,0.194528,0.45522,0.426,0.461552,0.287502,0.459812,1.4366398408,4.23135996,4.1162,1027.48739143,1.0781937698,2.8924481528
snowball,nolug,bm25,0.188094,0.456152,0.424,0.452746,0.281556,0.454456,1.2789653082,4.3404181448,4.0512,1031.96664383,1.0111602032,3.0441954032
snowball,nolug,dfiz,0.193798,0.447636,0.43,0.462018,0.283852,0.4624,1.5075789498,4.1164454152,4.085,1031.39755702,0.9600830048,2.92142198
snowball,nolug,dfree,0.196314,0.459946,0.438,0.458172,0.284806,0.481094,1.6332631002,4.1979468042,4.3978,1034.08844601,1.0621254482,2.5511126882
snowball,nolug,dirichletlm,0.162284,0.3885,0.358,0.41829,0.259956,0.404674,1.4388141472,4.18086314,4.0618,1078.90999144,1.1344098032,3.2026188362
snowball,nolug,dlh,0.196858,0.455926,0.444,0.466472,0.285436,0.454824,1.4655182018,4.4102383562,4.4632,1038.01653549,1.0926357352,2.9297709112
snowball,nolug,dph,0.194572,0.465262,0.446,0.46212,0.28893,0.473274,1.4680402208,4.2645502178,4.1242,1039.99276092,0.843228485,2.7980783762
snowball,nolug,hiemstralm,0.15624,0.37509,0.358,0.421466,0.260848,0.366006,1.23941726,3.985742105,4.0018,1079.64640174,1.2169710648,2.8933722482
snowball,nolug,ifb2,0.193096,0.458832,0.428,0.455848,0.28576,0.46137,1.4258956992,4.2575503688,4.1208,1045.76986125,1.12692474,2.965838565
snowball,nolug,inb2,0.193626,0.45409,0.422,0.458196,0.280392,0.461612,1.4093911762,4.306501085,4.3458,1047.28079457,1.0914566968,2.8161979328
snowball,nolug,inl2,0.193694,0.456316,0.434,0.461522,0.290086,0.46057,1.3503607082,4.3533329672,4.1122,1048.72503244,1.0527523802,3.008008865
snowball,nolug,inexpb2,0.194776,0.451272,0.426,0.46295,0.29008,0.45124,1.4091267912,4.2575584808,4.2162,1050.74559512,1.09751874,2.98855242
snowball,nolug,jskls,0.197096,0.46018,0.448,0.460976,0.286224,0.482394,1.6081275392,4.17393778,4.3248,1052.94839995,0.9556037512,2.6238081682
snowball,nolug,lemurtfidf,0.192478,0.43795,0.412,0.452232,0.27122,0.427012,1.3769075058,4.829242285,4.6928,1057.99859965,1.16001486,3.3973948328
snowball,nolug,lgd,0.201158,0.452696,0.424,0.46771,0.286476,0.47442,1.6491641418,4.2140159392,4.3912,1057.54777419,1.1575890112,2.64372556
snowball,nolug,pl2,0.177404,0.440158,0.422,0.442166,0.270084,0.442652,1.1459599192,4.6788663018,4.2058,1068.96467288,0.9685452072,3.2703948248
snowball,nolug,tfidf,0.189666,0.452608,0.42,0.45656,0.281558,0.451272,1.2770366922,4.4598416568,4.12,1062.09226093,0.9694321418,3.1494614408
snowball,krovetz,bb2,0.228422,0.504338,0.482,0.516646,0.323068,0.475774,1.6481061658,4.7283173178,4.7738,1122.67425834,1.0866242888,2.6522694562
snowball,krovetz,bm25,0.22057,0.50333,0.486,0.510052,0.313704,0.470018,1.473387705,4.873770105,4.8402,1110.90715538,1.0903688792,2.8272939938
snowball,krovetz,dfiz,0.215942,0.476404,0.47,0.503346,0.321786,0.45046,1.6904519818,4.6638734392,4.325,1100.82973309,1.1682831402,2.85734302
snowball,krovetz,dfree,0.223558,0.503294,0.48,0.50596,0.319958,0.492776,1.7680453818,4.4494877082,4.86,1107.57031684,1.1266990018,2.4644018712
snowball,krovetz,dirichletlm,0.194916,0.45253,0.434,0.47076,0.290588,0.430732,1.6672613472,4.133616585,3.8722,1073.68851346,1.3480361928,2.9486484088
snowball,krovetz,dlh,0.22647,0.514158,0.49,0.51693,0.315212,0.493802,1.639121325,4.5097310018,4.605,1134.82796415,1.1146598328,2.3753710298
snowball,krovetz,dph,0.224706,0.516044,0.492,0.508566,0.32041,0.497452,1.6419396482,4.5401830232,4.6368,1119.5398447,1.010821445,2.5350474648
snowball,krovetz,hiemstralm,0.191998,0.444014,0.424,0.470982,0.289418,0.441812,1.5022816898,4.5259314002,4.5712,1080.74131334,1.1632588538,3.0956429128
snowball,krovetz,ifb2,0.22714,0.50897,0.48,0.513524,0.31642,0.480286,1.6240002,4.759652045,4.9,1134.30524532,1.14854668,2.7508622802
snowball,krovetz,inb2,0.22839,0.5042,0.48,0.515642,0.316142,0.495136,1.640821465,4.64297958,4.68,1141.16898699,1.1061786818,2.5052905952
snowball,krovetz,inl2,0.225108,0.501656,0.488,0.515488,0.325844,0.474732,1.5527833968,4.8476861432,4.8728,1143.00738703,1.0749257832,2.7339590488
snowball,krovetz,inexpb2,0.229212,0.506884,0.48,0.51895,0.321074,0.486254,1.6179067528,4.7484051872,4.8,1153.15673913,1.1135008962,2.6929730042
snowball,krovetz,jskls,0.22607,0.509014,0.492,0.508568,0.324248,0.499408,1.762784465,4.5112371602,4.8768,1133.19085857,1.0672675048,2.4831419968
snowball,krovetz,lemurtfidf,0.22241,0.49132,0.472,0.505642,0.303304,0.449656,1.549495565,5.040865,4.9608,1130.27341108,1.2472916992,3.1924669632
snowball,krovetz,lgd,0.229184,0.49221,0.478,0.519254,0.329818,0.482586,1.8377235272,4.447363505,4.9058,1160.848218,1.1858768338,2.6301253802
snowball,krovetz,pl2,0.209566,0.503478,0.472,0.494352,0.306032,0.479818,1.3556735122,4.9350117658,4.9408,1117.36654984,1.0093716088,2.5958525938
snowball,krovetz,tfidf,0.22147,0.504406,0.484,0.510282,0.31768,0.477928,1.491531045,4.9486684082,4.8672,1145.51733692,1.01728962,2.7330381008
snowball,lovins,bb2,0.200722,0.49047,0.458,0.478762,0.295028,0.482346,1.3552113058,4.713676285,4.6218,1107.18167625,0.9874253008,2.7632613242
snowball,lovins,bm25,0.199276,0.488704,0.464,0.478108,0.294032,0.477392,1.2312874712,4.8556744792,4.8352,1108.91020873,0.9950602888,2.9359679368
snowball,lovins,dfiz,0.179678,0.43156,0.428,0.46457,0.277332,0.436794,1.1231302258,4.4752171,4.2208,1107.33132411,0.8037757488,3.0550578482
snowball,lovins,dfree,0.18953,0.4769,0.44,0.467402,0.283606,0.479208,1.221585825,4.78050914,4.52,1109.36980554,0.8686150282,3.0968494968
snowball,lovins,dirichletlm,0.15894,0.38235,0.372,0.424892,0.26076,0.38012,1.19522322,4.289293905,4.0608,1148.35247601,1.02247026,3.36407646
snowball,lovins,dlh,0.193654,0.48332,0.466,0.477012,0.29005,0.464292,1.1344627642,4.50968962,4.3522,1116.92912707,0.962706765,2.7153472568
snowball,lovins,dph,0.19066,0.482076,0.456,0.470704,0.28871,0.475616,1.1768226,4.6875674512,4.4232,1116.53089903,0.829386985,3.0251492872
snowball,lovins,hiemstralm,0.16571,0.423292,0.406,0.434112,0.258652,0.42725,1.014282165,4.3523015568,4.1082,1140.01686336,0.9969475048,3.290436585
snowball,lovins,ifb2,0.201326,0.495322,0.47,0.478656,0.289494,0.476246,1.3573475962,4.8607191858,5.165,1124.4236291,1.0950568482,2.9114347242
snowball,lovins,inb2,0.201354,0.493486,0.462,0.481258,0.293396,0.481784,1.3430785842,4.7988940202,4.8178,1128.41481797,1.0891280792,2.8446763672
snowball,lovins,inl2,0.200992,0.490114,0.474,0.483042,0.293574,0.47911,1.2750499768,5.0087373802,5.2162,1131.87397302,0.9089910762,2.866607405
snowball,lovins,inexpb2,0.202968,0.494304,0.46,0.482728,0.29767,0.4847,1.3309032888,4.8370021592,5.0,1133.84131894,1.046655665,2.79679122
snowball,lovins,jskls,0.19152,0.477996,0.442,0.469468,0.287596,0.476776,1.22787172,4.7835645592,4.4618,1129.42080364,0.8167931592,3.0055519512
snowball,lovins,lemurtfidf,0.1986,0.478284,0.466,0.46783,0.286644,0.45349,1.31207042,5.2266253472,5.0722,1131.61613176,1.0694835632,3.311000765
snowball,lovins,lgd,0.194128,0.470758,0.448,0.478588,0.283428,0.465748,1.2444806808,4.6330963818,4.4048,1137.47659158,0.9213164408,3.0622604448
snowball,lovins,pl2,0.184822,0.47077,0.438,0.461032,0.293372,0.470258,1.0444307058,4.965111325,4.4978,1136.00111064,0.9507832608,3.0682373418
snowball,lovins,tfidf,0.199924,0.493144,0.468,0.478628,0.298142,0.483572,1.2159008712,4.9028528432,4.9088,1141.51261647,0.9700483418,2.7816393608
snowball,porter,bb2,0.218172,0.501018,0.482,0.506232,0.312088,0.498568,1.5706751208,4.4546662338,4.6738,1177.87763711,1.1219648528,2.5332878888
snowball,porter,bm25,0.212942,0.500066,0.484,0.503614,0.310618,0.490308,1.4143615618,4.5712808322,4.4472,1175.2111674,1.1009769138,2.6678567768
snowball,porter,dfiz,0.198328,0.447724,0.432,0.489522,0.302006,0.430688,1.5477211208,4.3637000312,3.7488,1157.24987226,1.0643702882,2.9350574128
snowball,porter,dfree,0.207532,0.488374,0.452,0.493246,0.31042,0.496658,1.6699069488,4.2653581762,3.9048,1163.79752821,1.15751058,2.5850708218
snowball,porter,dirichletlm,0.182926,0.43325,0.412,0.461508,0.27869,0.419318,1.4818046762,4.017191745,3.7928,1149.33803848,1.254711865,3.2379080338
snowball,porter,dlh,0.213584,0.49723,0.478,0.504034,0.307322,0.478382,1.5218734672,4.556201385,4.5658,1185.03918836,1.1604087458,2.4431098338
snowball,porter,dph,0.209756,0.497222,0.46,0.49745,0.304078,0.500522,1.4653732032,4.1207423458,4.1,1176.45427983,0.9934742658,2.4312698258
snowball,porter,hiemstralm,0.186466,0.43888,0.408,0.46682,0.28316,0.440514,1.3973095522,4.67260038,4.4768,1155.66997167,1.22748166,3.2398588402
snowball,porter,ifb2,0.217418,0.503682,0.49,0.505248,0.30438,0.487796,1.5091947538,4.5473886538,4.425,1194.01692861,1.19696724,2.7234569192
snowball,porter,inb2,0.218448,0.50105,0.482,0.506318,0.312072,0.499512,1.5624271048,4.583314805,4.5938,1198.27776136,1.2059700808,2.6778658528
snowball,porter,inl2,0.214676,0.492396,0.474,0.50716,0.310086,0.49993,1.4827105912,4.5428142792,4.4962,1202.01017346,1.0914261202,2.616042485
snowball,porter,inexpb2,0.21964,0.503058,0.488,0.510586,0.312954,0.499148,1.51806302,4.5709879018,4.6128,1211.10199756,1.1381675242,2.6420215448
snowball,porter,jskls,0.210038,0.491276,0.452,0.49531,0.307642,0.501076,1.6732431978,4.2764755312,4.2648,1186.88685941,1.0691193018,2.5580623512
snowball,porter,lemurtfidf,0.213954,0.48595,0.476,0.49917,0.299826,0.458586,1.4376948042,4.955697705,4.6312,1194.98130553,1.2103082762,3.2547373602
snowball,porter,lgd,0.21406,0.479402,0.462,0.506422,0.30975,0.473686,1.75514312,4.4501263898,4.2578,1209.72107085,1.242533405,2.8438860002
snowball,porter,pl2,0.199844,0.48745,0.468,0.487926,0.297316,0.478122,1.2349724632,4.897827445,4.6888,1184.8311918,0.9553752272,2.7829580858
snowball,porter,tfidf,0.21196,0.496638,0.478,0.503908,0.3132,0.497632,1.39037704,4.5247758778,4.4858,1209.12206806,1.07535246,2.5119345688
snowball,snowballPorter,bb2,0.217456,0.497184,0.482,0.50666,0.312156,0.48948,1.5469805232,4.4903730072,4.4938,1216.45912712,1.1121692432,2.5913987
snowball,snowballPorter,bm25,0.211994,0.495822,0.486,0.503504,0.309256,0.481386,1.3835524682,4.6278415658,4.4802,1212.7578702,1.0728429632,2.7351637602
snowball,snowballPorter,dfiz,0.197654,0.444402,0.428,0.488936,0.304104,0.42977,1.5237219442,4.3213073898,3.7408,1194.37837674,1.1568503792,2.958581325
snowball,snowballPorter,dfree,0.207566,0.488104,0.448,0.493828,0.30899,0.490016,1.6519033722,4.3396069592,3.9248,1202.28630716,1.157104805,2.6534049672
snowball,snowballPorter,dirichletlm,0.18151,0.431816,0.416,0.460944,0.278084,0.417646,1.464019445,3.9942769672,3.8272,1188.28552431,1.2575170472,3.2129592042
snowball,snowballPorter,dlh,0.21356,0.49589,0.478,0.505122,0.306544,0.47104,1.51614174,4.615466005,4.5858,1224.81593938,1.1398797632,2.52595068
snowball,snowballPorter,dph,0.209428,0.496586,0.462,0.496654,0.302624,0.498678,1.4486803808,4.2388294402,4.1378,1213.06733819,1.0101090712,2.5157168658
snowball,snowballPorter,hiemstralm,0.185896,0.43915,0.416,0.467334,0.284062,0.440484,1.3811205792,4.637682325,4.4072,1194.19439106,1.1943347778,3.2436614672
snowball,snowballPorter,ifb2,0.217424,0.503084,0.498,0.506018,0.305202,0.47915,1.5057284712,4.6008099872,4.4498,1233.27918717,1.2015817298,2.747506625
snowball,snowballPorter,inb2,0.218068,0.497958,0.486,0.506668,0.31152,0.491096,1.5521907688,4.6294589018,4.5402,1236.79467531,1.19980548,2.7211919592
snowball,snowballPorter,inl2,0.2144,0.490284,0.472,0.507026,0.311574,0.491846,1.47129258,4.6236092072,4.6808,1239.60004039,1.0656883762,2.6713489442
snowball,snowballPorter,inexpb2,0.21935,0.500764,0.486,0.510368,0.31262,0.486184,1.508731765,4.6347305952,4.5802,1248.57130008,1.1789028,2.7015355872
snowball,snowballPorter,jskls,0.210006,0.490478,0.454,0.495408,0.307904,0.495192,1.6441747082,4.3692244258,4.2042,1224.79047577,1.0547654392,2.6612823768
snowball,snowballPorter,lemurtfidf,0.213856,0.485504,0.478,0.498892,0.300322,0.452442,1.4341038832,4.9671036592,4.7258,1232.32660003,1.2207011658,3.2873839218
snowball,snowballPorter,lgd,0.213494,0.476696,0.468,0.506414,0.309464,0.465186,1.7370119082,4.5057508792,4.3088,1247.55748949,1.2296977152,2.8851421202
snowball,snowballPorter,pl2,0.199818,0.487644,0.47,0.487764,0.296136,0.476836,1.2273306338,4.9583366832,4.705,1222.51621457,0.9831387952,2.8285790552
snowball,snowballPorter,tfidf,0.211742,0.494644,0.474,0.504348,0.3127,0.489074,1.3831630018,4.6276694832,4.5962,1247.74011655,1.0818902,2.5806811762
snowball,weakPorter,bb2,0.214794,0.48613,0.476,0.494188,0.30686,0.47263,1.5104757682,4.610058985,4.8912,1234.13041453,1.15556988,2.685858625
snowball,weakPorter,bm25,0.20875,0.485732,0.486,0.490138,0.300048,0.471942,1.368174185,4.7202942088,4.7602,1231.29455306,1.1424405248,2.8116426218
snowball,weakPorter,dfiz,0.200918,0.45452,0.438,0.484402,0.297498,0.441732,1.5495373538,4.5596766,4.3778,1227.83098466,1.1357025698,2.9288244888
snowball,weakPorter,dfree,0.208234,0.481526,0.446,0.484674,0.296684,0.473804,1.6851149122,4.5411612762,4.5642,1230.1920784,1.0946941472,2.7745020592
snowball,weakPorter,dirichletlm,0.179812,0.42685,0.408,0.446854,0.27067,0.426454,1.5416597128,4.286496185,4.1968,1236.59020946,1.359958445,3.3632233442
snowball,weakPorter,dlh,0.210384,0.487004,0.468,0.49666,0.301302,0.475496,1.5226474872,4.5275417992,4.3288,1248.60676035,1.1043516698,2.6994995592
snowball,weakPorter,dph,0.210166,0.49292,0.464,0.48914,0.300416,0.488492,1.4856205722,4.44198712,4.2552,1241.32812851,0.9852366472,2.6362108568
snowball,weakPorter,hiemstralm,0.181124,0.42855,0.418,0.4542,0.273406,0.437328,1.3938793912,4.556467965,4.7738,1237.11618434,1.2943303682,3.2198948208
snowball,weakPorter,ifb2,0.214548,0.49195,0.482,0.491414,0.302706,0.476098,1.4734879648,4.527926205,4.8138,1248.57778429,1.1827770282,2.7230207098
snowball,weakPorter,inb2,0.215674,0.487478,0.48,0.495286,0.300826,0.478412,1.5104702562,4.7497720858,4.92,1255.74790639,1.1330306762,2.8060274528
snowball,weakPorter,inl2,0.21165,0.479228,0.472,0.495376,0.300906,0.456732,1.453649045,4.7790489208,4.9008,1257.96858088,1.1187870282,2.8211888888
snowball,weakPorter,inexpb2,0.217314,0.490742,0.48,0.497604,0.308462,0.476912,1.4782733802,4.6167599018,4.9,1263.36096646,1.1542057778,2.8080046928
snowball,weakPorter,jskls,0.210888,0.487738,0.452,0.488272,0.300992,0.494462,1.6662450928,4.5682622578,4.4648,1253.76086556,1.0962485168,2.7378306778
snowball,weakPorter,lemurtfidf,0.207484,0.46299,0.454,0.480474,0.28636,0.432308,1.4779830872,5.149758745,5.2442,1249.90226155,1.23510766,3.3565205368
snowball,weakPorter,lgd,0.212182,0.464682,0.46,0.497082,0.300952,0.454774,1.7141963538,4.6311547938,4.52,1269.45244929,1.2300822448,3.0123082762
snowball,weakPorter,pl2,0.195064,0.479008,0.464,0.475684,0.294512,0.471238,1.2180812552,4.4619618368,4.1152,1251.65556275,0.9542717928,2.7784737378
snowball,weakPorter,tfidf,0.208314,0.48447,0.48,0.490102,0.301642,0.471308,1.3705574602,4.765577745,4.8,1264.40969197,1.0796498018,2.8102927368
terrier,nolug,bb2,0.1964,0.463186,0.432,0.466098,0.29115,0.466724,1.3865185,4.2323923602,4.0488,1254.43903893,1.025684405,2.9432262112
terrier,nolug,bm25,0.188108,0.454,0.42,0.454678,0.280188,0.451184,1.2631191568,4.43397312,3.96,1260.97842444,0.9424954328,3.1641289672
terrier,nolug,dfiz,0.196784,0.46171,0.44,0.46473,0.284886,0.475862,1.5501762672,4.080093085,3.88,1258.55666644,1.0537054402,2.8833426778
terrier,nolug,dfree,0.198272,0.467306,0.442,0.460472,0.283874,0.496218,1.6415819808,4.0758504082,4.2818,1261.81954859,1.0450492162,2.5327545538
terrier,nolug,dirichletlm,0.162898,0.384238,0.358,0.420568,0.257012,0.400708,1.4709783098,3.8660765178,3.9218,1320.97235529,1.0740101928,3.0565839568
terrier,nolug,dlh,0.19724,0.458192,0.444,0.46657,0.281862,0.455966,1.49168952,4.3438568568,4.1632,1264.9012191,1.0836478778,2.9368807722
terrier,nolug,dph,0.195736,0.47283,0.456,0.463576,0.287502,0.477962,1.4778968352,4.325824425,4.2432,1267.38737889,0.9021727698,2.8704096378
terrier,nolug,hiemstralm,0.156244,0.375742,0.366,0.423342,0.260454,0.378164,1.2329341032,3.7089118218,3.6722,1320.84734211,1.1519962242,2.8271228552
terrier,nolug,ifb2,0.195568,0.4623,0.434,0.464202,0.28902,0.465814,1.3863737688,4.32938308,3.9922,1271.61806044,1.05517174,2.9906464802
terrier,nolug,inb2,0.194982,0.46455,0.436,0.462,0.2836,0.469876,1.3643581738,4.307818245,4.3952,1274.29810577,1.0629794,2.8828253712
terrier,nolug,inl2,0.193936,0.458074,0.424,0.46266,0.292028,0.460316,1.3339742552,4.3603376962,4.1112,1276.08707416,1.0162775808,3.0731332272
terrier,nolug,inexpb2,0.195764,0.461808,0.434,0.46564,0.29034,0.461034,1.3869996352,4.3100437168,4.0322,1277.5710668,1.05962888,2.9863212922
terrier,nolug,jskls,0.198956,0.469034,0.448,0.463116,0.285716,0.493326,1.6299884032,4.1043748922,4.0648,1280.07578937,0.9817406072,2.6417699162
terrier,nolug,lemurtfidf,0.190688,0.43531,0.412,0.451048,0.27055,0.427348,1.3662411928,4.781716765,4.5328,1289.30505341,1.142371945,3.4561547248
terrier,nolug,lgd,0.202424,0.459104,0.43,0.469612,0.287802,0.49019,1.6347633112,4.1282131192,4.205,1283.94358849,1.1807463898,2.679843405
terrier,nolug,pl2,0.178086,0.441292,0.422,0.444038,0.270708,0.442832,1.1478126202,4.6323591368,4.2058,1300.6893534,0.9682597368,3.3077901488
terrier,nolug,tfidf,0.189808,0.457804,0.422,0.457222,0.283474,0.454688,1.2705111168,4.4556137792,4.0458,1290.59264612,1.0067590562,3.1297868128
terrier,krovetz,bb2,0.229576,0.506826,0.478,0.521532,0.320586,0.482208,1.5888706312,4.6669404962,4.7858,1365.616628,1.1221622802,2.6435136768
terrier,krovetz,bm25,0.22165,0.50825,0.494,0.512508,0.315812,0.477082,1.474222605,4.967052225,4.9882,1344.34843258,1.0475821328,2.8485261138
terrier,krovetz,dfiz,0.218586,0.486638,0.472,0.507894,0.321106,0.460854,1.6792616002,4.4148302578,4.5408,1336.16499027,1.0696019082,2.7860892242
terrier,krovetz,dfree,0.225402,0.511148,0.482,0.509438,0.327012,0.491476,1.7755174698,4.4222911448,4.5338,1341.62679276,1.1363712528,2.4822966512
terrier,krovetz,dirichletlm,0.197342,0.452694,0.432,0.472566,0.29198,0.424444,1.7222251418,4.1650926682,3.8088,1299.70811274,1.41830916,2.8937989232
terrier,krovetz,dlh,0.22728,0.513608,0.5,0.517588,0.316854,0.488864,1.67742968,4.4756002368,4.56,1366.2585381,1.0787324642,2.3924481952
terrier,krovetz,dph,0.225776,0.519154,0.49,0.511158,0.317422,0.501588,1.6421903312,4.4515415642,4.585,1352.60817434,0.9697692458,2.4492109728
terrier,krovetz,hiemstralm,0.192618,0.443624,0.414,0.472058,0.287624,0.439826,1.5409976338,4.6321915112,4.2202,1306.58702674,1.2085785512,3.2451394362
terrier,krovetz,ifb2,0.228632,0.507594,0.48,0.519346,0.321256,0.486078,1.5905034488,4.8196823682,4.98,1377.83047154,1.0788944232,2.7194083458
terrier,krovetz,inb2,0.228992,0.51209,0.486,0.517626,0.319104,0.498178,1.5840059168,4.560557065,4.5202,1375.39299995,1.0946938992,2.4757333858
terrier,krovetz,inl2,0.226152,0.507286,0.49,0.518684,0.323226,0.47735,1.5450028848,4.9069183802,4.945,1380.35504569,1.0821329762,2.813399905
terrier,krovetz,inexpb2,0.229764,0.509776,0.486,0.52072,0.319864,0.486712,1.5918498152,4.7949186712,4.8802,1388.14598842,1.0975483752,2.7066590328
terrier,krovetz,jskls,0.228016,0.518642,0.502,0.51156,0.325986,0.499526,1.7675142872,4.5376116618,4.9298,1366.89613537,1.0857975402,2.5053017562
terrier,krovetz,lemurtfidf,0.221586,0.49052,0.472,0.505966,0.306236,0.461452,1.5568141402,4.92806628,4.8408,1357.31748603,1.2529248752,3.2803678248
terrier,krovetz,lgd,0.230608,0.496522,0.474,0.523996,0.330564,0.483642,1.8250040368,4.5073619058,4.8162,1404.44487854,1.2532856152,2.6845301218
terrier,krovetz,pl2,0.209814,0.502622,0.478,0.496308,0.308384,0.480612,1.3580803602,4.8971750658,4.8458,1344.80649097,0.9746870072,2.5805511528
terrier,krovetz,tfidf,0.221866,0.50627,0.494,0.512494,0.315942,0.475044,1.4711495722,5.021407205,4.8682,1377.92070236,1.0039930218,2.8516110032
terrier,lovins,bb2,0.211942,0.508578,0.49,0.492304,0.301128,0.491314,1.4631533618,4.7277739858,4.885,1343.74749096,1.1064297008,2.7361088402
terrier,lovins,bm25,0.205366,0.506422,0.494,0.486874,0.296874,0.48707,1.2866295122,4.8277939058,4.8482,1339.82813832,0.9676871562,2.792853085
terrier,lovins,dfiz,0.18976,0.445104,0.438,0.47476,0.286916,0.448616,1.29483218,4.4084340192,4.2378,1334.26073931,0.9129445072,2.8699395872
terrier,lovins,dfree,0.202084,0.494726,0.456,0.476228,0.291246,0.482384,1.5758462472,4.6419915562,4.4032,1336.88824749,0.9950907242,2.8945297872
terrier,lovins,dirichletlm,0.169462,0.401602,0.388,0.436846,0.266106,0.384538,1.3246927978,4.5191991898,4.3128,1366.91482948,1.1124996282,3.2824353378
terrier,lovins,dlh,0.202336,0.495206,0.486,0.48676,0.292788,0.47187,1.2901710552,4.4711540282,4.9202,1348.85814797,0.9367131928,2.587730465
terrier,lovins,dph,0.198348,0.49724,0.468,0.477846,0.293858,0.494666,1.2765542448,4.42982218,4.3488,1344.55674896,0.9126666418,2.6540764122
terrier,lovins,hiemstralm,0.173942,0.426834,0.398,0.44404,0.263318,0.420726,1.1767804018,4.7644970922,4.4898,1362.33709555,1.0635711938,3.3939748762
terrier,lovins,ifb2,0.210868,0.505528,0.49,0.492634,0.298794,0.485394,1.4404130288,4.8685823608,5.345,1362.30240965,1.0728875082,2.8131119082
terrier,lovins,inb2,0.210746,0.508232,0.488,0.490414,0.300516,0.48459,1.4710305242,4.7083594688,4.8728,1361.8793818,1.1159142672,2.746861485
terrier,lovins,inl2,0.208868,0.506172,0.494,0.491636,0.2986,0.490122,1.3715271488,4.9527287408,4.9682,1365.50532993,0.9095021,2.8144906858
terrier,lovins,inexpb2,0.211968,0.510322,0.492,0.492186,0.301046,0.487958,1.4459035288,4.8133754458,5.0768,1368.4628329,1.0804520842,2.7580820818
terrier,lovins,jskls,0.202882,0.496946,0.464,0.477858,0.29668,0.49008,1.4980142338,4.5342181442,4.2952,1358.11689053,0.95637976,2.74870548
terrier,lovins,lemurtfidf,0.200378,0.484612,0.468,0.473914,0.286802,0.462174,1.2995376858,5.1486455128,4.9288,1359.17546328,1.0788032098,3.2197294762
terrier,lovins,lgd,0.205178,0.485214,0.468,0.489976,0.292128,0.467202,1.5252292258,4.5871882602,4.5688,1372.62380179,1.0677850408,2.9955431498
terrier,lovins,pl2,0.186884,0.477176,0.464,0.467476,0.29404,0.461462,1.0763507072,4.7082459312,4.6952,1362.9384304,0.99814788,2.8645330778
terrier,lovins,tfidf,0.20564,0.507652,0.484,0.487298,0.29865,0.483712,1.3012251,4.9390818448,4.9672,1373.85742242,0.925314885,2.7703896928
terrier,porter,bb2,0.218234,0.503032,0.476,0.510956,0.310834,0.498678,1.4934857322,4.3458198288,4.2912,1415.40940414,1.0454362922,2.5311664858
terrier,porter,bm25,0.212532,0.500776,0.482,0.50484,0.313152,0.502152,1.3821492088,4.5320844712,4.2538,1404.22908182,1.1522629848,2.6803273448
terrier,porter,dfiz,0.200346,0.45282,0.434,0.49366,0.304192,0.450694,1.5030880642,3.96312548,3.3922,1387.60679906,1.0093666768,2.7316180082
terrier,porter,dfree,0.208274,0.491712,0.452,0.494416,0.310798,0.493856,1.6759437962,4.1370034328,3.6848,1390.74870287,1.1594642298,2.6002364032
terrier,porter,dirichletlm,0.18481,0.435246,0.414,0.462676,0.27799,0.416994,1.516010505,4.1338184242,3.6602,1377.44858043,1.274500805,3.2344591082
terrier,porter,dlh,0.214098,0.494028,0.482,0.50561,0.31296,0.47979,1.5488260298,4.4081514408,4.4738,1414.87452997,1.14814998,2.407174485
terrier,porter,dph,0.209582,0.50305,0.476,0.496756,0.30547,0.502472,1.4408023938,3.951701185,3.8912,1401.14900002,1.022129325,2.3056730008
terrier,porter,hiemstralm,0.187078,0.441582,0.402,0.46673,0.282382,0.442052,1.4266110258,4.8566432938,4.4898,1383.11453062,1.2982905338,3.4490975248
terrier,porter,ifb2,0.218278,0.503286,0.488,0.510914,0.312666,0.486956,1.4706194258,4.5230032602,4.2728,1433.20582096,1.1668724722,2.7593438032
terrier,porter,inb2,0.218124,0.506664,0.48,0.508754,0.313682,0.496562,1.4884646312,4.4765856752,4.2,1430.46321933,1.1222656138,2.6409010178
terrier,porter,inl2,0.215282,0.497518,0.474,0.509758,0.31276,0.502734,1.4646263738,4.4916262538,4.3162,1434.80368701,1.10218176,2.6051129522
terrier,porter,inexpb2,0.218816,0.50318,0.49,0.512638,0.312544,0.488896,1.4711702672,4.48559164,4.325,1443.76232502,1.1177975232,2.7092798592
terrier,porter,jskls,0.210692,0.496484,0.46,0.497336,0.308804,0.499064,1.6594225168,4.1104263672,3.9,1415.23866618,1.0715461992,2.5058957952
terrier,porter,lemurtfidf,0.211284,0.485286,0.476,0.497478,0.297886,0.466132,1.4115571272,4.7914318602,4.3712,1417.92436125,1.1794226802,3.2280634088
terrier,porter,lgd,0.214608,0.478054,0.466,0.50925,0.31056,0.472736,1.7350853968,4.4962597442,4.2322,1442.61865904,1.23902334,2.9036409552
terrier,porter,pl2,0.200628,0.488978,0.46,0.48988,0.298054,0.482834,1.2162633808,4.7247283458,4.76,1411.86107255,0.9992438842,2.6215974922
terrier,porter,tfidf,0.212262,0.501076,0.478,0.504862,0.316328,0.504324,1.3702503178,4.4407392112,4.2258,1437.27013267,1.0713652808,2.5568622112
terrier,snowballPorter,bb2,0.217778,0.502662,0.476,0.51086,0.310524,0.498796,1.4743206258,4.3100173778,4.2912,1452.4636246,1.0456178112,2.5319273792
terrier,snowballPorter,bm25,0.211798,0.499636,0.48,0.504446,0.314346,0.501924,1.3568528298,4.5042132752,4.2,1440.64746489,1.1160251242,2.6839053312
terrier,snowballPorter,dfiz,0.200218,0.453584,0.434,0.493274,0.303748,0.453098,1.4984517738,3.9601666872,3.3922,1424.28724209,1.0048010248,2.6964522498
terrier,snowballPorter,dfree,0.207734,0.49055,0.448,0.493888,0.309772,0.488096,1.6636295522,4.156207145,3.6248,1427.21739153,1.1635654808,2.6061928992
terrier,snowballPorter,dirichletlm,0.183602,0.435818,0.418,0.462188,0.278356,0.41916,1.4859426898,4.0555290738,3.6938,1415.95796254,1.2825148632,3.15254454
terrier,snowballPorter,dlh,0.21366,0.493646,0.478,0.505562,0.308888,0.48019,1.53421198,4.3677919442,4.3858,1452.00728036,1.1010253528,2.410816525
terrier,snowballPorter,dph,0.209554,0.502174,0.476,0.49704,0.305698,0.500156,1.4427937242,4.0101899962,3.8912,1438.78684718,1.0106226698,2.3628462432
terrier,snowballPorter,hiemstralm,0.186052,0.438796,0.402,0.466792,0.282042,0.441064,1.4069098648,4.8355813792,4.5898,1421.15049673,1.2945635218,3.4633182752
terrier,snowballPorter,ifb2,0.217986,0.503118,0.488,0.510704,0.312908,0.487104,1.4569108802,4.4917583538,4.2528,1470.04044936,1.1699526168,2.7591835392
terrier,snowballPorter,inb2,0.217916,0.505958,0.48,0.5092,0.31369,0.496482,1.4753708472,4.4509253618,4.1,1468.75216523,1.124784165,2.6379600138
terrier,snowballPorter,inl2,0.21459,0.496652,0.472,0.50903,0.310794,0.502556,1.441842285,4.4694648048,4.2608,1470.45326813,1.0353209082,2.6040368432
terrier,snowballPorter,inexpb2,0.218502,0.502562,0.49,0.512596,0.312716,0.488858,1.4568724898,4.4642160378,4.325,1481.02696062,1.1188823472,2.7085148218
terrier,snowballPorter,jskls,0.209568,0.49441,0.456,0.496854,0.308422,0.49369,1.6189990688,4.093805485,3.7632,1451.68572705,1.0589545858,2.530129425
terrier,snowballPorter,lemurtfidf,0.211052,0.485624,0.476,0.49753,0.29898,0.466644,1.4031414048,4.7589136912,4.3712,1455.19792259,1.20201634,3.2405579032
terrier,snowballPorter,lgd,0.214426,0.478394,0.466,0.508648,0.310176,0.472066,1.7338037562,4.5082754882,4.1322,1478.56289236,1.2329905712,2.8951435722
terrier,snowballPorter,pl2,0.20025,0.486226,0.458,0.489914,0.300766,0.478858,1.204225265,4.7512411162,4.7218,1449.15721363,1.0143101122,2.7237888218
terrier,snowballPorter,tfidf,0.211862,0.499974,0.476,0.505192,0.31652,0.503878,1.3564624978,4.4390108762,4.1712,1475.17505107,1.06548984,2.5653535458
terrier,weakPorter,bb2,0.217328,0.495332,0.476,0.500246,0.309356,0.485948,1.4640852008,4.6347049688,4.8912,1468.03022428,1.1215087232,2.6670782048
terrier,weakPorter,bm25,0.208412,0.487902,0.48,0.491912,0.301948,0.467364,1.3567205928,4.8419842498,4.88,1457.66357043,1.1308947848,2.8757990152
terrier,weakPorter,dfiz,0.20217,0.456196,0.446,0.4888,0.297572,0.450704,1.545170285,4.2567036192,4.2842,1456.15273562,1.1861012408,2.8653803592
terrier,weakPorter,dfree,0.209758,0.48184,0.456,0.48816,0.300006,0.478908,1.7300078618,4.56351044,4.7232,1457.59339862,1.1791113882,2.7370291568
terrier,weakPorter,dirichletlm,0.181946,0.43285,0.416,0.448066,0.272368,0.425444,1.5844186642,4.241752345,4.1072,1467.69091396,1.3697230888,3.1843095632
terrier,weakPorter,dlh,0.209332,0.484892,0.478,0.496304,0.296872,0.47704,1.5374511888,4.3934965968,4.2658,1472.66790505,1.0997316808,2.7087852
terrier,weakPorter,dph,0.210804,0.4964,0.474,0.490418,0.302192,0.491072,1.4966501192,4.42464626,4.3162,1466.93144269,1.0056022968,2.5548221608
terrier,weakPorter,hiemstralm,0.180456,0.42392,0.4,0.453852,0.270988,0.432672,1.4076284032,4.47563906,4.34,1467.48392735,1.2479126728,3.1513063008
terrier,weakPorter,ifb2,0.217328,0.495382,0.474,0.498758,0.306414,0.48311,1.4439672208,4.6695840138,4.9362,1483.29516765,1.1251789202,2.798871145
terrier,weakPorter,inb2,0.2165,0.495536,0.47,0.4974,0.3036,0.486762,1.45724768,4.6891669952,4.765,1483.25922453,1.10761146,2.7649723978
terrier,weakPorter,inl2,0.21171,0.486106,0.474,0.49862,0.301038,0.45967,1.438067645,4.8467367082,4.9162,1487.29225776,1.1065879578,2.880587745
terrier,weakPorter,inexpb2,0.217934,0.494876,0.474,0.49945,0.30806,0.483358,1.4490383522,4.6471186312,4.7762,1490.83852064,1.10543056,2.7882904218
terrier,weakPorter,jskls,0.211388,0.487804,0.462,0.491158,0.300332,0.50054,1.6722971728,4.4875511392,4.6778,1480.90913392,1.1167477488,2.63665856
terrier,weakPorter,lemurtfidf,0.206528,0.461714,0.456,0.48184,0.28762,0.439992,1.4619799808,4.9178154402,4.9832,1474.95744116,1.28653004,3.3814098968
terrier,weakPorter,lgd,0.211856,0.4637,0.452,0.500694,0.305348,0.461506,1.6938734632,4.67765714,4.7848,1499.77638688,1.2878754248,2.9698207882
terrier,weakPorter,pl2,0.194642,0.47672,0.466,0.477864,0.292088,0.47524,1.1986746418,4.38230216,4.0922,1477.03315259,0.9870934728,2.74527632
terrier,weakPorter,tfidf,0.207936,0.485266,0.474,0.49175,0.301288,0.46553,1.3530664352,4.8418037322,4.7962,1490.2458277,1.1187583128,2.876189445
